time,pnl,equity
2023/7/7 8:00,-905.2167211,-8489.573305
2023/7/7 8:05,-904.6233371,-8488.979921
2023/7/7 8:10,-889.9458752,-8474.302459
2023/7/7 8:15,-837.1809519,-8421.537536
2023/7/7 8:20,-826.6612251,-8411.017809
2023/7/7 8:25,-894.5582901,-8478.914874
2023/7/7 8:30,-872.0614937,-8456.418077
2023/7/7 8:35,-867.1743397,-8451.530923
2023/7/7 8:40,-828.6850954,-8413.041679
2023/7/7 8:45,-829.184806,-8413.54139
2023/7/7 8:50,-829.6006746,-8413.957258
2023/7/7 8:55,-826.7170053,-8411.073589
2023/7/7 9:00,-3.65042899,-8010.69
2023/7/7 9:05,-7.41226179,-8014.451833
2023/7/7 9:10,-7.62729068,-8014.666862
2023/7/7 9:15,-7.49266675,-8014.532238
2023/7/7 9:20,-4.85249999,-8011.892071
2023/7/7 9:25,-48.30242154,-8055.341993
2023/7/7 9:30,-78.61601641,-8085.655587
2023/7/7 9:35,-23.62737637,-8030.666947
2023/7/7 9:40,-32.10054577,-8039.140117
2023/7/7 9:45,-63.44042802,-8070.479999
2023/7/7 9:50,-63.35557519,-8070.395146
2023/7/7 9:55,-12.12687068,-8019.166442
2023/7/7 10:00,-5.69699336,-8012.736564
2023/7/7 10:05,-3.65533467,-8010.694906
2023/7/7 10:10,-6.89985666,-8013.939428
2023/7/7 10:15,-83.12974865,-8090.16932
2023/7/7 10:20,-83.12974865,-8090.16932
2023/7/7 10:25,22.79010909,-7984.249462
2023/7/7 10:30,-45.00817608,-8052.047747
2023/7/7 10:35,-44.6746156,-8051.714187
2023/7/7 10:40,-43.86730502,-8050.906876
2023/7/7 10:45,-43.86730502,-8050.906876
2023/7/7 10:50,-130.4835901,-8137.523161
2023/7/7 10:55,-85.46379688,-8092.503368
2023/7/7 11:00,-120.2514658,-8127.291037
2023/7/7 11:05,-120.4308677,-8127.470439
2023/7/7 11:10,-102.9462363,-8109.985807
2023/7/7 11:15,-75.89913159,-8082.938703
2023/7/7 11:20,-95.6652557,-8102.704827
2023/7/7 11:25,-101.8782232,-8108.917794
2023/7/7 11:30,-129.6015432,-8136.641114
2023/7/7 11:35,-126.9480511,-8133.987622
2023/7/7 11:40,-142.0032957,-8149.042867
2023/7/7 11:45,-113.4324743,-8120.472045
2023/7/7 11:50,-93.69135891,-8100.73093
2023/7/7 11:55,-64.55134845,-8071.590919
2023/7/7 12:00,-71.0984431,-8078.138014
2023/7/7 12:05,-120.2508803,-8127.290451
2023/7/7 12:10,-113.2278229,-8120.267394
2023/7/7 12:15,-43.46176384,-8050.501335
2023/7/7 12:20,-23.84115512,-8030.880726
2023/7/7 12:25,-13.10307519,-8020.142646
2023/7/7 12:30,-125.3516257,-8132.391197
2023/7/7 12:35,-39.51413045,-8046.553701
2023/7/7 12:40,-87.45756005,-8094.497131
2023/7/7 12:45,137.6749213,-7869.36465
2023/7/7 12:50,177.5447548,-7829.494816
2023/7/7 12:55,-155.7277543,-8162.767325
2023/7/7 13:00,-118.8000068,-8125.839578
2023/7/7 13:05,-125.7651271,-8132.804698
2023/7/7 13:10,-140.1925354,-8147.232106
2023/7/7 13:15,-139.0155326,-8146.055104
2023/7/7 13:20,-125.1821491,-8132.22172
2023/7/7 13:25,-122.5211188,-8129.56069
2023/7/7 13:30,-110.8790554,-8117.918626
2023/7/7 13:35,-85.50550062,-8092.545072
2023/7/7 13:40,-118.4001229,-8125.439694
2023/7/7 13:45,-115.5886207,-8122.628192
2023/7/7 13:50,-257.1383295,-8264.177901
2023/7/7 13:55,-244.0035591,-8251.04313
2023/7/7 14:00,-341.5910046,-8348.630576
2023/7/7 14:05,-275.4723185,-8282.511889
2023/7/7 14:10,-300.0056709,-8307.045242
2023/7/7 14:15,-303.1105194,-8310.15009
2023/7/7 14:20,-296.761663,-8303.801234
2023/7/7 14:25,-213.3968094,-8220.43638
2023/7/7 14:30,-227.9422212,-8234.981792
2023/7/7 14:35,-248.5294499,-8255.569021
2023/7/7 14:40,-201.4117499,-8208.451321
2023/7/7 14:45,-228.306333,-8235.345904
2023/7/7 14:50,-364.4989786,-8371.53855
2023/7/7 14:55,-383.0488101,-8390.088381
2023/7/7 15:00,-427.6909099,-8434.730481
2023/7/7 15:05,-428.2958681,-8435.335439
2023/7/7 15:10,-418.6596639,-8425.699235
2023/7/7 15:15,-428.5828,-8435.622371
2023/7/7 15:20,-437.0428577,-8444.082429
2023/7/7 15:25,-416.4635911,-8423.503162
2023/7/7 15:30,-415.9470205,-8422.986592
2023/7/7 15:35,-412.0590884,-8419.098659
2023/7/7 15:40,-414.7669593,-8421.80653
2023/7/7 15:45,-410.4887984,-8417.528369
2023/7/7 15:50,-416.4529901,-8423.492561
2023/7/7 15:55,-385.3969778,-8392.436549
2023/7/7 16:00,-506.2598287,-8513.2994
2023/7/7 16:05,-483.3430065,-8490.382577
2023/7/7 16:10,-465.4792032,-8472.518774
2023/7/7 16:15,-499.6305433,-8506.670114
2023/7/7 16:20,-499.6305433,-8506.670114
2023/7/7 16:25,-393.4457285,-8400.4853
2023/7/7 16:30,-391.786008,-8398.825579
2023/7/7 16:35,-388.4996916,-8395.539263
2023/7/7 16:40,-329.8015224,-8336.841093
2023/7/7 16:45,-388.1662562,-8395.205827
2023/7/7 16:50,-363.1243465,-8370.163918
2023/7/7 16:55,-357.5282314,-8364.567802
2023/7/7 17:00,-369.0444142,-8376.083985
2023/7/7 17:05,-361.301812,-8368.341383
2023/7/7 17:10,-337.4176589,-8344.45723
2023/7/7 17:15,-334.8279538,-8341.867525
2023/7/7 17:20,-334.8279538,-8341.867525
2023/7/7 17:25,-399.3105831,-8406.350154
2023/7/7 17:30,-401.3699129,-8408.409484
2023/7/7 17:35,-404.6919677,-8411.731539
2023/7/7 17:40,-291.1657719,-8298.205343
2023/7/7 17:45,-283.8089565,-8290.848528
2023/7/7 17:50,-183.67069,-8190.710261
2023/7/7 17:55,-183.67069,-8190.710261
2023/7/7 18:00,-199.0026606,-8206.042232
2023/7/7 18:05,-195.235304,-8202.274875
2023/7/7 18:10,-167.9989078,-8175.038479
2023/7/7 18:15,-155.748305,-8162.787876
2023/7/7 18:20,-145.2787377,-8152.318309
2023/7/7 18:25,-171.6836814,-8178.723252
2023/7/7 18:30,-145.8978268,-8152.937398
2023/7/7 18:35,-97.93895472,-8104.978526
2023/7/7 18:40,-90.03675976,-8097.076331
2023/7/7 18:45,-93.112149,-8100.15172
2023/7/7 18:50,-95.85646332,-8102.896034
2023/7/7 18:55,-115.8051873,-8122.844758
2023/7/7 19:00,-90.88506302,-8097.924634
2023/7/7 19:05,-61.9546006,-8068.994172
2023/7/7 19:10,-83.07905283,-8090.118624
2023/7/7 19:15,-50.24350283,-8057.283074
2023/7/7 19:20,-103.7947398,-8110.834311
2023/7/7 19:25,-102.7444127,-8109.783984
2023/7/7 19:30,-142.3328202,-8149.372391
2023/7/7 19:35,-194.7356722,-8201.775243
2023/7/7 19:40,-195.33865,-8202.378221
2023/7/7 19:45,-179.8276604,-8186.867231
2023/7/7 19:50,-156.8966988,-8163.93627
2023/7/7 19:55,-164.2407685,-8171.280339
2023/7/7 20:00,-170.1918883,-8177.231459
2023/7/7 20:05,-168.5511802,-8175.590751
2023/7/7 20:10,-161.6398528,-8168.679424
2023/7/7 20:15,-185.5235977,-8192.563169
2023/7/7 20:20,-174.0893122,-8181.128883
2023/7/7 20:25,-169.0320084,-8176.071579
2023/7/7 20:30,-171.0552861,-8178.094857
2023/7/7 20:35,-265.5721488,-8272.61172
2023/7/7 20:40,-243.9936701,-8251.033241
2023/7/7 20:45,-252.6609282,-8259.700499
2023/7/7 20:50,-250.4316317,-8257.471203
2023/7/7 20:55,-232.5300902,-8239.569661
2023/7/7 21:00,-218.7009545,-8225.740526
2023/7/7 21:05,-324.9452527,-8331.984824
2023/7/7 21:10,-374.1597595,-8381.19933
2023/7/7 21:15,-377.9689215,-8385.008493
2023/7/7 21:20,-414.2902591,-8421.32983
2023/7/7 21:25,-408.6276474,-8415.667218
2023/7/7 21:30,-426.4191123,-8433.458683
2023/7/7 21:35,-362.8801551,-8369.919726
2023/7/7 21:40,-360.5172293,-8367.5568
2023/7/7 21:45,-364.4752474,-8371.514818
2023/7/7 21:50,-376.3493485,-8383.38892
2023/7/7 21:55,-441.8474833,-8448.887054
2023/7/7 22:00,-325.2927551,-8332.332326
2023/7/7 22:05,-353.0947991,-8360.13437
2023/7/7 22:10,-369.3648984,-8376.404469
2023/7/7 22:15,-393.7412523,-8400.780823
2023/7/7 22:20,-427.1231865,-8434.162757
2023/7/7 22:25,-427.1231865,-8434.162757
2023/7/7 22:30,-382.2167502,-8389.256321
2023/7/7 22:35,-370.2017719,-8377.241343
2023/7/7 22:40,-295.9962223,-8303.035793
2023/7/7 22:45,-295.9962223,-8303.035793
2023/7/7 22:50,-291.0811486,-8298.12072
2023/7/7 22:55,-357.5027504,-8364.542321
2023/7/7 23:00,-330.3441327,-8337.383704
2023/7/7 23:05,-350.9153912,-8357.954962
2023/7/7 23:10,-352.513381,-8359.552952
2023/7/7 23:15,-370.4404839,-8377.480055
2023/7/7 23:20,-370.4404839,-8377.480055
2023/7/7 23:25,-370.872078,-8377.911649
2023/7/7 23:30,-368.2223782,-8375.261949
2023/7/7 23:35,-342.3254823,-8349.365053
2023/7/7 23:40,-342.3212403,-8349.360811
2023/7/7 23:45,-343.2225211,-8350.262092
2023/7/7 23:50,-322.6191999,-8329.658771
2023/7/7 23:55,-341.5219807,-8348.561552
2023/7/8 0:00,-333.1440485,-8340.18362
2023/7/8 0:05,-336.2598797,-8343.299451
2023/7/8 0:10,-324.7046018,-8331.744173
2023/7/8 0:15,-306.3300732,-8313.369644
2023/7/8 0:20,-306.3300732,-8313.369644
2023/7/8 0:25,-306.3300732,-8313.369644
2023/7/8 0:30,-306.2389245,-8313.278495
2023/7/8 0:35,-304.573385,-8311.612956
2023/7/8 0:40,-258.2221562,-8265.261727
2023/7/8 0:45,-239.9309198,-8246.970491
2023/7/8 0:50,-261.2083238,-8268.247895
2023/7/8 0:55,-274.0264049,-8281.065976
2023/7/8 1:00,-256.082558,-8263.122129
2023/7/8 1:05,-253.5235509,-8260.563122
2023/7/8 1:10,-231.3832812,-8238.422852
2023/7/8 1:15,-235.1727071,-8242.212278
2023/7/8 1:20,-232.7482013,-8239.787772
2023/7/8 1:25,-244.2976152,-8251.337186
2023/7/8 1:30,-267.0235033,-8274.063074
2023/7/8 1:35,-267.0235033,-8274.063074
2023/7/8 1:40,-242.7307279,-8249.770299
2023/7/8 1:45,-242.8715811,-8249.911152
2023/7/8 1:50,-258.8674706,-8265.907042
2023/7/8 1:55,-272.0633069,-8279.102878
2023/7/8 2:00,-280.7481071,-8287.787678
2023/7/8 2:05,-278.6406705,-8285.680242
2023/7/8 2:10,-252.1887379,-8259.228309
2023/7/8 2:15,-242.6890092,-8249.72858
2023/7/8 2:20,-227.6976112,-8234.737182
2023/7/8 2:25,-340.0952793,-8347.13485
2023/7/8 2:30,-340.0952793,-8347.13485
2023/7/8 2:35,-355.1805949,-8362.220166
2023/7/8 2:40,-352.5530623,-8359.592633
2023/7/8 2:45,-302.8275069,-8309.867078
2023/7/8 2:50,-417.1048096,-8424.144381
2023/7/8 2:55,-518.9428252,-8525.982396
2023/7/8 3:00,-417.8101686,-8424.84974
2023/7/8 3:05,-319.8562163,-8326.895787
2023/7/8 3:10,-306.2084973,-8313.248068
2023/7/8 3:15,-336.061992,-8343.101563
2023/7/8 3:20,-295.3834159,-8302.422987
2023/7/8 3:25,-268.1089203,-8275.148491
2023/7/8 3:30,-243.9121681,-8250.951739
2023/7/8 3:35,-243.9121681,-8250.951739
2023/7/8 3:40,-248.1982405,-8255.237812
2023/7/8 3:45,-248.1982405,-8255.237812
2023/7/8 3:50,-248.1982405,-8255.237812
2023/7/8 3:55,-212.6137991,-8219.65337
2023/7/8 4:00,-189.0508467,-8196.090418
2023/7/8 4:05,-180.2235664,-8187.263137
2023/7/8 4:10,-164.9511136,-8171.990685
2023/7/8 4:15,-167.5834721,-8174.623043
2023/7/8 4:20,-169.5135871,-8176.553158
2023/7/8 4:25,-180.3052608,-8187.344832
2023/7/8 4:30,-179.1316655,-8186.171237
2023/7/8 4:35,-177.0644296,-8184.104001
2023/7/8 4:40,-177.0644296,-8184.104001
2023/7/8 4:45,-168.733426,-8175.772997
2023/7/8 4:50,-156.1004517,-8163.140023
2023/7/8 4:55,-156.1004517,-8163.140023
2023/7/8 5:00,-162.8795176,-8169.919089
2023/7/8 5:05,-108.9573195,-8115.996891
2023/7/8 5:10,-87.71207715,-8094.751648
2023/7/8 5:15,-76.23753232,-8083.277103
2023/7/8 5:20,-100.8751859,-8107.914757
2023/7/8 5:25,-121.2034658,-8128.243037
2023/7/8 5:30,-126.1103483,-8133.149919
2023/7/8 5:35,-117.9758207,-8125.015392
2023/7/8 5:40,-104.3607643,-8111.400335
2023/7/8 5:45,-106.3798481,-8113.419419
2023/7/8 5:50,-128.687629,-8135.7272
2023/7/8 5:55,-125.9377159,-8132.977287
2023/7/8 6:00,-125.9377159,-8132.977287
2023/7/8 6:05,-133.3533528,-8140.392924
2023/7/8 6:10,-126.5645485,-8133.60412
2023/7/8 6:15,-122.3831368,-8129.422708
2023/7/8 6:20,-127.7107602,-8134.750331
2023/7/8 6:25,-147.0954239,-8154.134995
2023/7/8 6:30,-147.0954239,-8154.134995
2023/7/8 6:35,-145.0983431,-8152.137914
2023/7/8 6:40,-145.0983431,-8152.137914
2023/7/8 6:45,-146.1709808,-8153.210552
2023/7/8 6:50,-146.1709808,-8153.210552
2023/7/8 6:55,-126.9017854,-8133.941356
2023/7/8 7:00,-127.8996664,-8134.939237
2023/7/8 7:05,-141.3384879,-8148.378059
2023/7/8 7:10,-139.9616996,-8147.001271
2023/7/8 7:15,-144.8699904,-8151.909561
2023/7/8 7:20,-173.9241263,-8180.963697
2023/7/8 7:25,-185.0816447,-8192.121216
2023/7/8 7:30,-153.1967414,-8160.236312
2023/7/8 7:35,-153.1967414,-8160.236312
2023/7/8 7:40,-131.0000815,-8138.039652
2023/7/8 7:45,-146.828582,-8153.868153
2023/7/8 7:50,-146.828582,-8153.868153
2023/7/8 7:55,-127.8966644,-8134.936235
2023/7/8 8:00,-127.7370803,-8134.776651
2023/7/8 8:05,-121.2403128,-8128.279884
2023/7/8 8:10,-138.5356799,-8145.575251
2023/7/8 8:15,-208.9766978,-8216.016269
2023/7/8 8:20,-271.0626402,-8278.102211
2023/7/8 8:25,-271.0626402,-8278.102211
2023/7/8 8:30,-283.8536129,-8290.893184
2023/7/8 8:35,-272.8311582,-8279.870729
2023/7/8 8:40,-274.002366,-8281.041937
2023/7/8 8:45,-253.4749466,-8260.514518
2023/7/8 8:50,-241.1424018,-8248.181973
2023/7/8 8:55,-217.2417466,-8224.281318
2023/7/8 9:00,5.99315618,-7885.35
2023/7/8 9:05,5.99315618,-7885.35
2023/7/8 9:10,3.68372642,-7887.65943
2023/7/8 9:15,6.12878259,-7885.214374
2023/7/8 9:20,6.96011742,-7884.383039
2023/7/8 9:25,6.96011742,-7884.383039
2023/7/8 9:30,9.43327211,-7881.909884
2023/7/8 9:35,1.47222199,-7889.870934
2023/7/8 9:40,-5.17197184,-7896.515128
2023/7/8 9:45,-3.82941062,-7895.172567
2023/7/8 9:50,3.44917365,-7887.893983
2023/7/8 9:55,3.09767173,-7888.245484
2023/7/8 10:00,5.08095589,-7886.2622
2023/7/8 10:05,7.04150829,-7884.301648
2023/7/8 10:10,10.46048178,-7880.882674
2023/7/8 10:15,10.41564137,-7880.927515
2023/7/8 10:20,10.41564137,-7880.927515
2023/7/8 10:25,5.52874132,-7885.814415
2023/7/8 10:30,6.77443125,-7884.568725
2023/7/8 10:35,5.98433223,-7885.358824
2023/7/8 10:40,9.34202063,-7882.001136
2023/7/8 10:45,9.38900273,-7881.954153
2023/7/8 10:50,5.91133798,-7885.431818
2023/7/8 10:55,6.80157787,-7884.541578
2023/7/8 11:00,6.80157787,-7884.541578
2023/7/8 11:05,11.7465937,-7879.596562
2023/7/8 11:10,11.28385702,-7880.059299
2023/7/8 11:15,14.81874856,-7876.524408
2023/7/8 11:20,5.0272827,-7886.315873
2023/7/8 11:25,-17.46375509,-7908.806911
2023/7/8 11:30,-19.72621864,-7911.069375
2023/7/8 11:35,23.95114052,-7867.392016
2023/7/8 11:40,7.72674114,-7883.616415
2023/7/8 11:45,19.82175064,-7871.521406
2023/7/8 11:50,26.28018409,-7865.062972
2023/7/8 11:55,29.8104193,-7861.532737
2023/7/8 12:00,29.8104193,-7861.532737
2023/7/8 12:05,-5.29482065,-7896.637977
2023/7/8 12:10,-2.22397628,-7893.567132
2023/7/8 12:15,-0.51124276,-7891.854399
2023/7/8 12:20,29.65604377,-7861.687112
2023/7/8 12:25,44.76551958,-7846.577637
2023/7/8 12:30,44.76551958,-7846.577637
2023/7/8 12:35,44.06947548,-7847.273681
2023/7/8 12:40,36.04224433,-7855.300912
2023/7/8 12:45,36.04224433,-7855.300912
2023/7/8 12:50,44.42400789,-7846.919148
2023/7/8 12:55,24.68964031,-7866.653516
2023/7/8 13:00,25.51350546,-7865.829651
2023/7/8 13:05,25.51350546,-7865.829651
2023/7/8 13:10,25.51350546,-7865.829651
2023/7/8 13:15,58.2958107,-7833.047345
2023/7/8 13:20,69.3013364,-7822.04182
2023/7/8 13:25,73.63286508,-7817.710291
2023/7/8 13:30,64.81607841,-7826.527078
2023/7/8 13:35,61.45894415,-7829.884212
2023/7/8 13:40,70.07808415,-7821.265072
2023/7/8 13:45,66.87239139,-7824.470765
2023/7/8 13:50,61.31787451,-7830.025282
2023/7/8 13:55,62.22825123,-7829.114905
2023/7/8 14:00,59.72142441,-7831.621732
2023/7/8 14:05,43.11847738,-7848.224679
2023/7/8 14:10,43.11847738,-7848.224679
2023/7/8 14:15,45.38488392,-7845.958272
2023/7/8 14:20,59.64216913,-7831.700987
2023/7/8 14:25,59.64216913,-7831.700987
2023/7/8 14:30,61.88661969,-7829.456536
2023/7/8 14:35,60.89706497,-7830.446091
2023/7/8 14:40,63.66996873,-7827.673187
2023/7/8 14:45,63.62642611,-7827.71673
2023/7/8 14:50,63.62642611,-7827.71673
2023/7/8 14:55,58.14885577,-7833.1943
2023/7/8 15:00,56.67655327,-7834.666603
2023/7/8 15:05,55.93695115,-7835.406205
2023/7/8 15:10,54.14335375,-7837.199802
2023/7/8 15:15,52.38574579,-7838.95741
2023/7/8 15:20,54.03099736,-7837.312159
2023/7/8 15:25,54.03099736,-7837.312159
2023/7/8 15:30,57.799259,-7833.543897
2023/7/8 15:35,57.72007393,-7833.623082
2023/7/8 15:40,51.59452295,-7839.748633
2023/7/8 15:45,49.85391637,-7841.48924
2023/7/8 15:50,51.53380453,-7839.809352
2023/7/8 15:55,51.60590026,-7839.737256
2023/7/8 16:00,55.02438208,-7836.318774
2023/7/8 16:05,78.38080148,-7812.962355
2023/7/8 16:10,78.38080148,-7812.962355
2023/7/8 16:15,63.65235224,-7827.690804
2023/7/8 16:20,63.65235224,-7827.690804
2023/7/8 16:25,63.65235224,-7827.690804
2023/7/8 16:30,63.65235224,-7827.690804
2023/7/8 16:35,63.65235224,-7827.690804
2023/7/8 16:40,63.65235224,-7827.690804
2023/7/8 16:45,63.65235224,-7827.690804
2023/7/8 16:50,63.65235224,-7827.690804
2023/7/8 16:55,89.55785906,-7801.785297
2023/7/8 17:00,89.91720966,-7801.425947
2023/7/8 17:05,87.91583626,-7803.42732
2023/7/8 17:10,87.91583626,-7803.42732
2023/7/8 17:15,92.63031166,-7798.712845
2023/7/8 17:20,107.5039664,-7783.83919
2023/7/8 17:25,107.5039664,-7783.83919
2023/7/8 17:30,112.4104019,-7778.932754
2023/7/8 17:35,113.4810873,-7777.862069
2023/7/8 17:40,113.4810873,-7777.862069
2023/7/8 17:45,113.4810873,-7777.862069
2023/7/8 17:50,117.0967504,-7774.246406
2023/7/8 17:55,116.1916972,-7775.151459
2023/7/8 18:00,116.1916972,-7775.151459
2023/7/8 18:05,116.4850738,-7774.858082
2023/7/8 18:10,120.2099699,-7771.133186
2023/7/8 18:15,120.2099699,-7771.133186
2023/7/8 18:20,120.2099699,-7771.133186
2023/7/8 18:25,120.2099699,-7771.133186
2023/7/8 18:30,120.2099699,-7771.133186
2023/7/8 18:35,120.2099699,-7771.133186
2023/7/8 18:40,120.2099699,-7771.133186
2023/7/8 18:45,120.2099699,-7771.133186
2023/7/8 18:50,131.633788,-7759.709368
2023/7/8 18:55,131.633788,-7759.709368
2023/7/8 19:00,131.633788,-7759.709368
2023/7/8 19:05,131.633788,-7759.709368
2023/7/8 19:10,131.633788,-7759.709368
2023/7/8 19:15,131.633788,-7759.709368
2023/7/8 19:20,149.5568184,-7741.786338
2023/7/8 19:25,-115.2359841,-8006.57914
2023/7/8 19:30,-162.1067637,-8053.44992
2023/7/8 19:35,-115.9010005,-8007.244157
2023/7/8 19:40,-104.4184968,-7995.761653
2023/7/8 19:45,-104.4184968,-7995.761653
2023/7/8 19:50,-104.4184968,-7995.761653
2023/7/8 19:55,-103.322939,-7994.666095
2023/7/8 20:00,-106.2599658,-7997.603122
2023/7/8 20:05,-106.2599658,-7997.603122
2023/7/8 20:10,-98.55773587,-7989.900892
2023/7/8 20:15,-133.9865391,-8025.329695
2023/7/8 20:20,-147.2863034,-8038.62946
2023/7/8 20:25,-134.3421228,-8025.685279
2023/7/8 20:30,-122.8154816,-8014.158638
2023/7/8 20:35,-124.7838084,-8016.126965
2023/7/8 20:40,-125.374479,-8016.717635
2023/7/8 20:45,-125.374479,-8016.717635
2023/7/8 20:50,-125.1292665,-8016.472423
2023/7/8 20:55,-125.1292665,-8016.472423
2023/7/8 21:00,-125.1292665,-8016.472423
2023/7/8 21:05,-125.1292665,-8016.472423
2023/7/8 21:10,-125.1292665,-8016.472423
2023/7/8 21:15,-125.1292665,-8016.472423
2023/7/8 21:20,-132.9129299,-8024.256086
2023/7/8 21:25,-132.9129299,-8024.256086
2023/7/8 21:30,-96.689885,-7988.033041
2023/7/8 21:35,-43.15039118,-7934.493547
2023/7/8 21:40,-43.15039118,-7934.493547
2023/7/8 21:45,-43.15039118,-7934.493547
2023/7/8 21:50,-43.15039118,-7934.493547
2023/7/8 21:55,-43.15039118,-7934.493547
2023/7/8 22:00,-43.15039118,-7934.493547
2023/7/8 22:05,-45.25447033,-7936.597627
2023/7/8 22:10,-43.23584537,-7934.579002
2023/7/8 22:15,-40.32638145,-7931.669538
2023/7/8 22:20,-40.32638145,-7931.669538
2023/7/8 22:25,-40.32638145,-7931.669538
2023/7/8 22:30,-47.93539105,-7939.278547
2023/7/8 22:35,-47.93539105,-7939.278547
2023/7/8 22:40,-27.43784399,-7918.781
2023/7/8 22:45,-21.46993039,-7912.813087
2023/7/8 22:50,-5.74957343,-7897.09273
2023/7/8 22:55,-5.74957343,-7897.09273
2023/7/8 23:00,-5.74957343,-7897.09273
2023/7/8 23:05,-2.21187792,-7893.555034
2023/7/8 23:10,-2.21187792,-7893.555034
2023/7/8 23:15,-70.30117044,-7961.644327
2023/7/8 23:20,-70.30117044,-7961.644327
2023/7/8 23:25,-66.87444519,-7958.217601
2023/7/8 23:30,-66.87444519,-7958.217601
2023/7/8 23:35,-66.87444519,-7958.217601
2023/7/8 23:40,-68.72430408,-7960.06746
2023/7/8 23:45,-68.72430408,-7960.06746
2023/7/8 23:50,-63.63502604,-7954.978182
2023/7/8 23:55,-50.18290135,-7941.526058
2023/7/9 0:00,-51.25047469,-7942.593631
2023/7/9 0:05,-71.51877356,-7962.86193
2023/7/9 0:10,-71.51877356,-7962.86193
2023/7/9 0:15,-71.26428333,-7962.60744
2023/7/9 0:20,-71.26428333,-7962.60744
2023/7/9 0:25,-71.26428333,-7962.60744
2023/7/9 0:30,-72.72599327,-7964.069149
2023/7/9 0:35,-42.49925658,-7933.842413
2023/7/9 0:40,-42.49925658,-7933.842413
2023/7/9 0:45,-47.76099835,-7939.104155
2023/7/9 0:50,-46.81914769,-7938.162304
2023/7/9 0:55,-34.91836241,-7926.261519
2023/7/9 1:00,-29.8445844,-7921.187741
2023/7/9 1:05,-67.27748598,-7958.620642
2023/7/9 1:10,-68.75035638,-7960.093513
2023/7/9 1:15,-67.16480355,-7958.50796
2023/7/9 1:20,-66.45277686,-7957.795933
2023/7/9 1:25,-88.16637428,-7979.50953
2023/7/9 1:30,-88.16637428,-7979.50953
2023/7/9 1:35,-88.6261135,-7979.96927
2023/7/9 1:40,-127.1387517,-8018.481908
2023/7/9 1:45,-130.4887393,-8021.831895
2023/7/9 1:50,-130.4887393,-8021.831895
2023/7/9 1:55,-130.4887393,-8021.831895
2023/7/9 2:00,-116.0759375,-8007.419094
2023/7/9 2:05,-116.0759375,-8007.419094
2023/7/9 2:10,-115.3067613,-8006.649918
2023/7/9 2:15,-115.3067613,-8006.649918
2023/7/9 2:20,-104.954425,-7996.297581
2023/7/9 2:25,-104.954425,-7996.297581
2023/7/9 2:30,-104.954425,-7996.297581
2023/7/9 2:35,-90.46961929,-7981.812775
2023/7/9 2:40,-173.435143,-8064.778299
2023/7/9 2:45,-198.8927904,-8090.235947
2023/7/9 2:50,-159.145513,-8050.488669
2023/7/9 2:55,-158.9741264,-8050.317283
2023/7/9 3:00,-158.9741264,-8050.317283
2023/7/9 3:05,-158.9741264,-8050.317283
2023/7/9 3:10,-157.9102079,-8049.253364
2023/7/9 3:15,-157.9102079,-8049.253364
2023/7/9 3:20,-157.9102079,-8049.253364
2023/7/9 3:25,-157.9102079,-8049.253364
2023/7/9 3:30,-157.9102079,-8049.253364
2023/7/9 3:35,-133.9942244,-8025.337381
2023/7/9 3:40,-133.9942244,-8025.337381
2023/7/9 3:45,-133.9942244,-8025.337381
2023/7/9 3:50,-133.9942244,-8025.337381
2023/7/9 3:55,-132.1462946,-8023.489451
2023/7/9 4:00,-132.1462946,-8023.489451
2023/7/9 4:05,-153.8938484,-8045.237005
2023/7/9 4:10,-154.6773075,-8046.020464
2023/7/9 4:15,-154.6773075,-8046.020464
2023/7/9 4:20,-154.6773075,-8046.020464
2023/7/9 4:25,-154.6773075,-8046.020464
2023/7/9 4:30,-154.6773075,-8046.020464
2023/7/9 4:35,-154.6773075,-8046.020464
2023/7/9 4:40,-154.7317825,-8046.074939
2023/7/9 4:45,-154.7317825,-8046.074939
2023/7/9 4:50,-154.7317825,-8046.074939
2023/7/9 4:55,-154.7317825,-8046.074939
2023/7/9 5:00,-154.7317825,-8046.074939
2023/7/9 5:05,-154.7317825,-8046.074939
2023/7/9 5:10,-154.7317825,-8046.074939
2023/7/9 5:15,-142.6357491,-8033.978905
2023/7/9 5:20,-142.6357491,-8033.978905
2023/7/9 5:25,-142.6357491,-8033.978905
2023/7/9 5:30,-141.4834793,-8032.826636
2023/7/9 5:35,-143.2567999,-8034.599956
2023/7/9 5:40,-126.832013,-8018.175169
2023/7/9 5:45,-126.7862604,-8018.129417
2023/7/9 5:50,-126.7862604,-8018.129417
2023/7/9 5:55,-126.7862604,-8018.129417
2023/7/9 6:00,-126.7862604,-8018.129417
2023/7/9 6:05,-126.7862604,-8018.129417
2023/7/9 6:10,-174.7164406,-8066.059597
2023/7/9 6:15,-174.7164406,-8066.059597
2023/7/9 6:20,-174.7164406,-8066.059597
2023/7/9 6:25,-174.7164406,-8066.059597
2023/7/9 6:30,-174.7164406,-8066.059597
2023/7/9 6:35,-176.3516597,-8067.694816
2023/7/9 6:40,-176.1753162,-8067.518472
2023/7/9 6:45,-176.1753162,-8067.518472
2023/7/9 6:50,-176.1753162,-8067.518472
2023/7/9 6:55,-176.1753162,-8067.518472
2023/7/9 7:00,-176.1753162,-8067.518472
2023/7/9 7:05,-177.9937856,-8069.336942
2023/7/9 7:10,-99.50644895,-7990.849605
2023/7/9 7:15,-100.1790662,-7991.522222
2023/7/9 7:20,-100.1790662,-7991.522222
2023/7/9 7:25,-100.1790662,-7991.522222
2023/7/9 7:30,-100.1790662,-7991.522222
2023/7/9 7:35,-100.1790662,-7991.522222
2023/7/9 7:40,-100.1790662,-7991.522222
2023/7/9 7:45,-91.8916477,-7983.234804
2023/7/9 7:50,-91.8916477,-7983.234804
2023/7/9 7:55,-91.8916477,-7983.234804
2023/7/9 8:00,-92.8437241,-7984.18688
2023/7/9 8:05,-87.72198299,-7979.065139
2023/7/9 8:10,-83.33534051,-7974.678497
2023/7/9 8:15,-83.33534051,-7974.678497
2023/7/9 8:20,-83.33534051,-7974.678497
2023/7/9 8:25,-83.33534051,-7974.678497
2023/7/9 8:30,-83.33534051,-7974.678497
2023/7/9 8:35,-83.33534051,-7974.678497
2023/7/9 8:40,-54.14984789,-7945.493004
2023/7/9 8:45,-54.14984789,-7945.493004
2023/7/9 8:50,-54.14984789,-7945.493004
2023/7/9 8:55,-54.14984789,-7945.493004
2023/7/9 9:00,-54.14984789,-7965.42
2023/7/9 9:05,-54.14984789,-7965.42
2023/7/9 9:10,-54.14984789,-7965.42
2023/7/9 9:15,-54.14984789,-7965.42
2023/7/9 9:20,-54.14984789,-7965.42
2023/7/9 9:25,-54.14984789,-7965.42
2023/7/9 9:30,5.87888948,-7959.541111
2023/7/9 9:35,11.5354208,-7953.884579
2023/7/9 9:40,6.19771567,-7959.222284
2023/7/9 9:45,6.19771567,-7959.222284
2023/7/9 9:50,6.19771567,-7959.222284
2023/7/9 9:55,6.19771567,-7959.222284
2023/7/9 10:00,6.19771567,-7959.222284
2023/7/9 10:05,10.3562991,-7955.063701
2023/7/9 10:10,9.32287704,-7956.097123
2023/7/9 10:15,8.95714992,-7956.46285
2023/7/9 10:20,8.95714992,-7956.46285
2023/7/9 10:25,8.96825215,-7956.451748
2023/7/9 10:30,8.96825215,-7956.451748
2023/7/9 10:35,14.93904863,-7950.480951
2023/7/9 10:40,24.85537391,-7940.564626
2023/7/9 10:45,24.85537391,-7940.564626
2023/7/9 10:50,24.85537391,-7940.564626
2023/7/9 10:55,24.85537391,-7940.564626
2023/7/9 11:00,24.85537391,-7940.564626
2023/7/9 11:05,31.77129259,-7933.648707
2023/7/9 11:10,34.38335059,-7931.036649
2023/7/9 11:15,34.38335059,-7931.036649
2023/7/9 11:20,34.38335059,-7931.036649
2023/7/9 11:25,34.38335059,-7931.036649
2023/7/9 11:30,34.38335059,-7931.036649
2023/7/9 11:35,34.38335059,-7931.036649
2023/7/9 11:40,34.38335059,-7931.036649
2023/7/9 11:45,34.38335059,-7931.036649
2023/7/9 11:50,31.62552403,-7933.794476
2023/7/9 11:55,24.08412863,-7941.335871
2023/7/9 12:00,24.08412863,-7941.335871
2023/7/9 12:05,24.08412863,-7941.335871
2023/7/9 12:10,24.08412863,-7941.335871
2023/7/9 12:15,24.08412863,-7941.335871
2023/7/9 12:20,22.13423827,-7943.285762
2023/7/9 12:25,29.88076431,-7935.539236
2023/7/9 12:30,29.88076431,-7935.539236
2023/7/9 12:35,68.31077703,-7897.109223
2023/7/9 12:40,68.31077703,-7897.109223
2023/7/9 12:45,77.56149872,-7887.858501
2023/7/9 12:50,77.56149872,-7887.858501
2023/7/9 12:55,85.24087614,-7880.179124
2023/7/9 13:00,85.24087614,-7880.179124
2023/7/9 13:05,85.24087614,-7880.179124
2023/7/9 13:10,92.5012365,-7872.918763
2023/7/9 13:15,101.630641,-7863.789359
2023/7/9 13:20,101.630641,-7863.789359
2023/7/9 13:25,111.4171518,-7854.002848
2023/7/9 13:30,111.4171518,-7854.002848
2023/7/9 13:35,122.5559608,-7842.864039
2023/7/9 13:40,123.1588897,-7842.26111
2023/7/9 13:45,123.701121,-7841.718879
2023/7/9 13:50,122.7639975,-7842.656002
2023/7/9 13:55,127.689088,-7837.730912
2023/7/9 14:00,124.5071268,-7840.912873
2023/7/9 14:05,164.8179418,-7800.602058
2023/7/9 14:10,147.815227,-7817.604773
2023/7/9 14:15,139.0125355,-7826.407465
2023/7/9 14:20,144.2739541,-7821.146046
2023/7/9 14:25,126.0041784,-7839.415822
2023/7/9 14:30,126.0041784,-7839.415822
2023/7/9 14:35,291.6080308,-7673.811969
2023/7/9 14:40,266.163851,-7699.256149
2023/7/9 14:45,202.6676251,-7762.752375
2023/7/9 14:50,146.0902086,-7819.329791
2023/7/9 14:55,127.5118083,-7837.908192
2023/7/9 15:00,204.643954,-7760.776046
2023/7/9 15:05,265.4367128,-7699.983287
2023/7/9 15:10,302.365123,-7663.054877
2023/7/9 15:15,131.7818312,-7833.638169
2023/7/9 15:20,219.2760263,-7746.143974
2023/7/9 15:25,264.1347462,-7701.285254
2023/7/9 15:30,264.2424677,-7701.177532
2023/7/9 15:35,264.2424677,-7701.177532
2023/7/9 15:40,264.172642,-7701.247358
2023/7/9 15:45,266.1194466,-7699.300553
2023/7/9 15:50,266.1194466,-7699.300553
2023/7/9 15:55,263.9956815,-7701.424319
2023/7/9 16:00,263.9956815,-7701.424319
2023/7/9 16:05,269.0538093,-7696.366191
2023/7/9 16:10,259.591549,-7705.828451
2023/7/9 16:15,259.591549,-7705.828451
2023/7/9 16:20,246.55434,-7718.86566
2023/7/9 16:25,246.55434,-7718.86566
2023/7/9 16:30,250.5102748,-7714.909725
2023/7/9 16:35,248.0821073,-7717.337893
2023/7/9 16:40,254.5905525,-7710.829447
2023/7/9 16:45,254.5905525,-7710.829447
2023/7/9 16:50,257.9875246,-7707.432475
2023/7/9 16:55,262.6383211,-7702.781679
2023/7/9 17:00,262.6383211,-7702.781679
2023/7/9 17:05,239.447801,-7725.972199
2023/7/9 17:10,239.447801,-7725.972199
2023/7/9 17:15,236.8026514,-7728.617349
2023/7/9 17:20,237.3489442,-7728.071056
2023/7/9 17:25,237.3489442,-7728.071056
2023/7/9 17:30,223.1994864,-7742.220514
2023/7/9 17:35,223.1994864,-7742.220514
2023/7/9 17:40,223.1994864,-7742.220514
2023/7/9 17:45,223.1994864,-7742.220514
2023/7/9 17:50,252.4208767,-7712.999123
2023/7/9 17:55,258.3255839,-7707.094416
2023/7/9 18:00,258.3255839,-7707.094416
2023/7/9 18:05,258.3255839,-7707.094416
2023/7/9 18:10,312.0964426,-7653.323557
2023/7/9 18:15,313.4693068,-7651.950693
2023/7/9 18:20,244.1791207,-7721.240879
2023/7/9 18:25,248.3451934,-7717.074807
2023/7/9 18:30,248.3451934,-7717.074807
2023/7/9 18:35,248.3451934,-7717.074807
2023/7/9 18:40,248.3451934,-7717.074807
2023/7/9 18:45,248.3451934,-7717.074807
2023/7/9 18:50,248.3451934,-7717.074807
2023/7/9 18:55,248.3451934,-7717.074807
2023/7/9 19:00,247.4730658,-7717.946934
2023/7/9 19:05,107.0598171,-7858.360183
2023/7/9 19:10,118.8589011,-7846.561099
2023/7/9 19:15,125.4652582,-7839.954742
2023/7/9 19:20,125.4652582,-7839.954742
2023/7/9 19:25,125.4652582,-7839.954742
2023/7/9 19:30,151.4274632,-7813.992537
2023/7/9 19:35,151.4274632,-7813.992537
2023/7/9 19:40,151.4274632,-7813.992537
2023/7/9 19:45,151.4274632,-7813.992537
2023/7/9 19:50,151.4274632,-7813.992537
2023/7/9 19:55,151.4274632,-7813.992537
2023/7/9 20:00,151.4274632,-7813.992537
2023/7/9 20:05,151.4274632,-7813.992537
2023/7/9 20:10,151.4274632,-7813.992537
2023/7/9 20:15,151.4274632,-7813.992537
2023/7/9 20:20,151.4274632,-7813.992537
2023/7/9 20:25,219.5177577,-7745.902242
2023/7/9 20:30,219.5177577,-7745.902242
2023/7/9 20:35,196.069011,-7769.350989
2023/7/9 20:40,228.7504408,-7736.669559
2023/7/9 20:45,228.7504408,-7736.669559
2023/7/9 20:50,223.6694104,-7741.75059
2023/7/9 20:55,209.4630869,-7755.956913
2023/7/9 21:00,209.4630869,-7755.956913
2023/7/9 21:05,209.4630869,-7755.956913
2023/7/9 21:10,146.0433905,-7819.376609
2023/7/9 21:15,146.0433905,-7819.376609
2023/7/9 21:20,146.0433905,-7819.376609
2023/7/9 21:25,146.0433905,-7819.376609
2023/7/9 21:30,146.0433905,-7819.376609
2023/7/9 21:35,146.0433905,-7819.376609
2023/7/9 21:40,139.4269774,-7825.993023
2023/7/9 21:45,139.4269774,-7825.993023
2023/7/9 21:50,154.0669632,-7811.353037
2023/7/9 21:55,154.0669632,-7811.353037
2023/7/9 22:00,154.0669632,-7811.353037
2023/7/9 22:05,166.7423927,-7798.677607
2023/7/9 22:10,87.52752677,-7877.892473
2023/7/9 22:15,104.6460633,-7860.773937
2023/7/9 22:20,197.2198645,-7768.200136
2023/7/9 22:25,199.1770722,-7766.242928
2023/7/9 22:30,218.1715286,-7747.248471
2023/7/9 22:35,218.1715286,-7747.248471
2023/7/9 22:40,209.8097776,-7755.610222
2023/7/9 22:45,208.5932947,-7756.826705
2023/7/9 22:50,201.9223218,-7763.497678
2023/7/9 22:55,165.4494435,-7799.970556
2023/7/9 23:00,163.5848705,-7801.83513
2023/7/9 23:05,163.5848705,-7801.83513
2023/7/9 23:10,160.1068276,-7805.313172
2023/7/9 23:15,143.2100088,-7822.209991
2023/7/9 23:20,143.064614,-7822.355386
2023/7/9 23:25,143.064614,-7822.355386
2023/7/9 23:30,143.064614,-7822.355386
2023/7/9 23:35,143.064614,-7822.355386
2023/7/9 23:40,145.423388,-7819.996612
2023/7/9 23:45,145.423388,-7819.996612
2023/7/9 23:50,145.423388,-7819.996612
2023/7/9 23:55,145.1464644,-7820.273536
2023/7/10 0:00,156.7194256,-7808.700574
2023/7/10 0:05,162.4266009,-7802.993399
2023/7/10 0:10,-17.28217892,-7982.702179
2023/7/10 0:15,-126.3090418,-8091.729042
2023/7/10 0:20,-162.4731283,-8127.893128
2023/7/10 0:25,-131.6286591,-8097.048659
2023/7/10 0:30,29.65735011,-7935.76265
2023/7/10 0:35,31.47312865,-7933.946871
2023/7/10 0:40,37.26370553,-7928.156294
2023/7/10 0:45,291.6214978,-7673.798502
2023/7/10 0:50,292.6914561,-7672.728544
2023/7/10 0:55,285.3081633,-7680.111837
2023/7/10 1:00,257.3041088,-7708.115891
2023/7/10 1:05,212.5855951,-7752.834405
2023/7/10 1:10,268.4883423,-7696.931658
2023/7/10 1:15,264.6244431,-7700.795557
2023/7/10 1:20,262.3510949,-7703.068905
2023/7/10 1:25,251.8575208,-7713.562479
2023/7/10 1:30,257.5607538,-7707.859246
2023/7/10 1:35,258.6125766,-7706.807423
2023/7/10 1:40,245.2708679,-7720.149132
2023/7/10 1:45,245.2708679,-7720.149132
2023/7/10 1:50,255.7932274,-7709.626773
2023/7/10 1:55,215.6105494,-7749.809451
2023/7/10 2:00,201.5347043,-7763.885296
2023/7/10 2:05,198.9424249,-7766.477575
2023/7/10 2:10,198.9424249,-7766.477575
2023/7/10 2:15,205.5939062,-7759.826094
2023/7/10 2:20,205.5939062,-7759.826094
2023/7/10 2:25,205.5939062,-7759.826094
2023/7/10 2:30,214.9692603,-7750.45074
2023/7/10 2:35,214.9692603,-7750.45074
2023/7/10 2:40,212.5840678,-7752.835932
2023/7/10 2:45,222.6394176,-7742.780582
2023/7/10 2:50,213.1309725,-7752.289028
2023/7/10 2:55,132.5565981,-7832.863402
2023/7/10 3:00,159.3469242,-7806.073076
2023/7/10 3:05,125.2554432,-7840.164557
2023/7/10 3:10,125.5039697,-7839.91603
2023/7/10 3:15,167.0121738,-7798.407826
2023/7/10 3:20,163.432611,-7801.987389
2023/7/10 3:25,198.5263928,-7766.893607
2023/7/10 3:30,198.5263928,-7766.893607
2023/7/10 3:35,191.2118658,-7774.208134
2023/7/10 3:40,190.8262233,-7774.593777
2023/7/10 3:45,190.281524,-7775.138476
2023/7/10 3:50,190.281524,-7775.138476
2023/7/10 3:55,190.281524,-7775.138476
2023/7/10 4:00,190.281524,-7775.138476
2023/7/10 4:05,192.3010096,-7773.11899
2023/7/10 4:10,192.3010096,-7773.11899
2023/7/10 4:15,192.3010096,-7773.11899
2023/7/10 4:20,192.3010096,-7773.11899
2023/7/10 4:25,196.7610623,-7768.658938
2023/7/10 4:30,197.7418748,-7767.678125
2023/7/10 4:35,197.7418748,-7767.678125
2023/7/10 4:40,193.8369255,-7771.583075
2023/7/10 4:45,193.8369255,-7771.583075
2023/7/10 4:50,175.8638338,-7789.556166
2023/7/10 4:55,175.8638338,-7789.556166
2023/7/10 5:00,173.2277208,-7792.192279
2023/7/10 5:05,168.3913043,-7797.028696
2023/7/10 5:10,168.3913043,-7797.028696
2023/7/10 5:15,176.741551,-7788.678449
2023/7/10 5:20,176.741551,-7788.678449
2023/7/10 5:25,176.2255906,-7789.194409
2023/7/10 5:30,176.2255906,-7789.194409
2023/7/10 5:35,174.886482,-7790.533518
2023/7/10 5:40,178.3168088,-7787.103191
2023/7/10 5:45,178.3168088,-7787.103191
2023/7/10 5:50,178.3168088,-7787.103191
2023/7/10 5:55,178.3168088,-7787.103191
2023/7/10 6:00,173.9629956,-7791.457004
2023/7/10 6:05,163.0529605,-7802.36704
2023/7/10 6:10,167.6077224,-7797.812278
2023/7/10 6:15,162.379292,-7803.040708
2023/7/10 6:20,162.379292,-7803.040708
2023/7/10 6:25,163.59418,-7801.82582
2023/7/10 6:30,161.9302681,-7803.489732
2023/7/10 6:35,170.2969517,-7795.123048
2023/7/10 6:40,125.8511552,-7839.568845
2023/7/10 6:45,127.5028276,-7837.917172
2023/7/10 6:50,127.5028276,-7837.917172
2023/7/10 6:55,127.5028276,-7837.917172
2023/7/10 7:00,136.3275041,-7829.092496
2023/7/10 7:05,136.3275041,-7829.092496
2023/7/10 7:10,214.4452996,-7750.9747
2023/7/10 7:15,216.34346,-7749.07654
2023/7/10 7:20,216.34346,-7749.07654
2023/7/10 7:25,216.34346,-7749.07654
2023/7/10 7:30,216.34346,-7749.07654
2023/7/10 7:35,202.8442402,-7762.57576
2023/7/10 7:40,202.8666701,-7762.55333
2023/7/10 7:45,200.6924103,-7764.72759
2023/7/10 7:50,200.6924103,-7764.72759
2023/7/10 7:55,200.6924103,-7764.72759
2023/7/10 8:00,199.9252501,-7765.49475
2023/7/10 8:05,199.9252501,-7765.49475
2023/7/10 8:10,199.9252501,-7765.49475
2023/7/10 8:15,199.9252501,-7765.49475
2023/7/10 8:20,121.6637949,-7843.756205
2023/7/10 8:25,246.7010862,-7718.718914
2023/7/10 8:30,246.7010862,-7718.718914
2023/7/10 8:35,246.2221004,-7719.1979
2023/7/10 8:40,246.2221004,-7719.1979
2023/7/10 8:45,246.2221004,-7719.1979
2023/7/10 8:50,251.3857373,-7714.034263
2023/7/10 8:55,251.3857373,-7714.034263
2023/7/10 9:00,251.3857373,-7705.2
2023/7/10 9:05,251.3857373,-7705.2
2023/7/10 9:10,251.3857373,-7705.2
2023/7/10 9:15,9.44345402,-7695.756546
2023/7/10 9:20,9.44345402,-7695.756546
2023/7/10 9:25,-75.77242157,-7780.972422
2023/7/10 9:30,-203.7993199,-7908.99932
2023/7/10 9:35,-158.2352959,-7863.435296
2023/7/10 9:40,-5.77585305,-7710.975853
2023/7/10 9:45,-5.77585305,-7710.975853
2023/7/10 9:50,-59.10139748,-7764.301397
2023/7/10 9:55,-59.10139748,-7764.301397
2023/7/10 10:00,-62.81910272,-7768.019103
2023/7/10 10:05,-62.81910272,-7768.019103
2023/7/10 10:10,-62.81910272,-7768.019103
2023/7/10 10:15,-62.81910272,-7768.019103
2023/7/10 10:20,-62.81910272,-7768.019103
2023/7/10 10:25,-62.81910272,-7768.019103
2023/7/10 10:30,-70.88796528,-7776.087965
2023/7/10 10:35,-21.76239174,-7726.962392
2023/7/10 10:40,-21.76239174,-7726.962392
2023/7/10 10:45,-21.76239174,-7726.962392
2023/7/10 10:50,-1.79800086,-7706.998001
2023/7/10 10:55,-3.57422894,-7708.774229
2023/7/10 11:00,-3.57422894,-7708.774229
2023/7/10 11:05,-3.57422894,-7708.774229
2023/7/10 11:10,5.32166634,-7699.878334
2023/7/10 11:15,9.19494298,-7696.005057
2023/7/10 11:20,9.19494298,-7696.005057
2023/7/10 11:25,9.19494298,-7696.005057
2023/7/10 11:30,9.19494298,-7696.005057
2023/7/10 11:35,10.76254858,-7694.437451
2023/7/10 11:40,10.76254858,-7694.437451
2023/7/10 11:45,10.76254858,-7694.437451
2023/7/10 11:50,29.69601615,-7675.503984
2023/7/10 11:55,31.64575144,-7673.554249
2023/7/10 12:00,31.64575144,-7673.554249
2023/7/10 12:05,-27.17180865,-7732.371809
2023/7/10 12:10,17.91975584,-7687.280244
2023/7/10 12:15,17.91975584,-7687.280244
2023/7/10 12:20,20.71098868,-7684.489011
2023/7/10 12:25,20.71098868,-7684.489011
2023/7/10 12:30,13.83840741,-7691.361593
2023/7/10 12:35,64.03755268,-7641.162447
2023/7/10 12:40,74.01563552,-7631.184364
2023/7/10 12:45,105.0668735,-7600.133127
2023/7/10 12:50,100.3744319,-7604.825568
2023/7/10 12:55,115.3112472,-7589.888753
2023/7/10 13:00,118.9812864,-7586.218714
2023/7/10 13:05,120.7732563,-7584.426744
2023/7/10 13:10,119.1112725,-7586.088727
2023/7/10 13:15,116.1685763,-7589.031424
2023/7/10 13:20,116.1685763,-7589.031424
2023/7/10 13:25,116.1685763,-7589.031424
2023/7/10 13:30,116.1685763,-7589.031424
2023/7/10 13:35,126.5342361,-7578.665764
2023/7/10 13:40,191.9164315,-7513.283568
2023/7/10 13:45,144.5384153,-7560.661585
2023/7/10 13:50,307.1784686,-7398.021531
2023/7/10 13:55,376.2338522,-7328.966148
2023/7/10 14:00,353.3456823,-7351.854318
2023/7/10 14:05,355.4023056,-7349.797694
2023/7/10 14:10,340.4323951,-7364.767605
2023/7/10 14:15,389.7741192,-7315.425881
2023/7/10 14:20,360.1992783,-7345.000722
2023/7/10 14:25,346.6122816,-7358.587718
2023/7/10 14:30,340.8483928,-7364.351607
2023/7/10 14:35,521.0874615,-7184.112539
2023/7/10 14:40,576.2732299,-7128.92677
2023/7/10 14:45,566.9512552,-7138.248745
2023/7/10 14:50,521.3634137,-7183.836586
2023/7/10 14:55,465.1112971,-7240.088703
2023/7/10 15:00,488.1563241,-7217.043676
2023/7/10 15:05,537.7384502,-7167.46155
2023/7/10 15:10,516.5632292,-7188.636771
2023/7/10 15:15,519.9151263,-7185.284874
2023/7/10 15:20,520.7884765,-7184.411523
2023/7/10 15:25,524.4924383,-7180.707562
2023/7/10 15:30,524.4924383,-7180.707562
2023/7/10 15:35,597.3679119,-7107.832088
2023/7/10 15:40,606.2905524,-7098.909448
2023/7/10 15:45,605.0769955,-7100.123005
2023/7/10 15:50,604.1635304,-7101.03647
2023/7/10 15:55,604.1635304,-7101.03647
2023/7/10 16:00,607.2106976,-7097.989302
2023/7/10 16:05,595.5970129,-7109.602987
2023/7/10 16:10,595.5970129,-7109.602987
2023/7/10 16:15,586.5194864,-7118.680514
2023/7/10 16:20,583.5497451,-7121.650255
2023/7/10 16:25,605.8658347,-7099.334165
2023/7/10 16:30,612.5961782,-7092.603822
2023/7/10 16:35,612.5961782,-7092.603822
2023/7/10 16:40,612.5961782,-7092.603822
2023/7/10 16:45,590.868794,-7114.331206
2023/7/10 16:50,590.868794,-7114.331206
2023/7/10 16:55,547.6912596,-7157.50874
2023/7/10 17:00,599.0570501,-7106.14295
2023/7/10 17:05,599.0570501,-7106.14295
2023/7/10 17:10,599.0570501,-7106.14295
2023/7/10 17:15,613.7262744,-7091.473726
2023/7/10 17:20,613.1987562,-7092.001244
2023/7/10 17:25,613.1987562,-7092.001244
2023/7/10 17:30,613.54873,-7091.65127
2023/7/10 17:35,616.2166734,-7088.983327
2023/7/10 17:40,616.2166734,-7088.983327
2023/7/10 17:45,616.2166734,-7088.983327
2023/7/10 17:50,616.2166734,-7088.983327
2023/7/10 17:55,616.2166734,-7088.983327
2023/7/10 18:00,616.2166734,-7088.983327
2023/7/10 18:05,599.5793567,-7105.620643
2023/7/10 18:10,599.5793567,-7105.620643
2023/7/10 18:15,599.5793567,-7105.620643
2023/7/10 18:20,599.5793567,-7105.620643
2023/7/10 18:25,613.734957,-7091.465043
2023/7/10 18:30,663.7919217,-7041.408078
2023/7/10 18:35,545.6564658,-7159.543534
2023/7/10 18:40,508.2740292,-7196.925971
2023/7/10 18:45,508.2740292,-7196.925971
2023/7/10 18:50,436.6463857,-7268.553614
2023/7/10 18:55,380.6715968,-7324.528403
2023/7/10 19:00,179.0326796,-7526.16732
2023/7/10 19:05,196.7679162,-7508.432084
2023/7/10 19:10,222.2028187,-7482.997181
2023/7/10 19:15,202.1448002,-7503.0552
2023/7/10 19:20,195.5977729,-7509.602227
2023/7/10 19:25,311.5705801,-7393.62942
2023/7/10 19:30,271.0206973,-7434.179303
2023/7/10 19:35,255.4832412,-7449.716759
2023/7/10 19:40,259.6131928,-7445.586807
2023/7/10 19:45,301.7684921,-7403.431508
2023/7/10 19:50,273.0457323,-7432.154268
2023/7/10 19:55,99.56504947,-7605.634951
2023/7/10 20:00,178.3337539,-7526.866246
2023/7/10 20:05,106.6061056,-7598.593894
2023/7/10 20:10,142.2740763,-7562.925924
2023/7/10 20:15,111.6132375,-7593.586763
2023/7/10 20:20,83.73151858,-7621.468481
2023/7/10 20:25,41.29693041,-7663.90307
2023/7/10 20:30,46.17284424,-7659.027156
2023/7/10 20:35,34.19128288,-7671.008717
2023/7/10 20:40,94.01824022,-7611.18176
2023/7/10 20:45,65.28855001,-7639.91145
2023/7/10 20:50,56.71664596,-7648.483354
2023/7/10 20:55,85.48191441,-7619.718086
2023/7/10 21:00,66.74710086,-7638.452899
2023/7/10 21:05,116.7327314,-7588.467269
2023/7/10 21:10,95.12336816,-7610.076632
2023/7/10 21:15,59.7997893,-7645.400211
2023/7/10 21:20,122.227059,-7582.972941
2023/7/10 21:25,120.6655632,-7584.534437
2023/7/10 21:30,132.0700137,-7573.129986
2023/7/10 21:35,123.4749456,-7581.725054
2023/7/10 21:40,145.554036,-7559.645964
2023/7/10 21:45,134.0825391,-7571.117461
2023/7/10 21:50,134.0825391,-7571.117461
2023/7/10 21:55,134.0825391,-7571.117461
2023/7/10 22:00,134.0825391,-7571.117461
2023/7/10 22:05,134.0825391,-7571.117461
2023/7/10 22:10,134.0825391,-7571.117461
2023/7/10 22:15,134.0825391,-7571.117461
2023/7/10 22:20,134.0825391,-7571.117461
2023/7/10 22:25,134.0825391,-7571.117461
2023/7/10 22:30,134.0825391,-7571.117461
2023/7/10 22:35,134.0825391,-7571.117461
2023/7/10 22:40,134.0825391,-7571.117461
2023/7/10 22:45,134.0825391,-7571.117461
2023/7/10 22:50,134.0825391,-7571.117461
2023/7/10 22:55,134.0825391,-7571.117461
2023/7/10 23:00,134.0825391,-7571.117461
2023/7/10 23:05,134.0825391,-7571.117461
2023/7/10 23:10,134.0825391,-7571.117461
2023/7/10 23:15,134.0825391,-7571.117461
2023/7/10 23:20,134.0825391,-7571.117461
2023/7/10 23:25,134.0825391,-7571.117461
2023/7/10 23:30,134.0825391,-7571.117461
2023/7/10 23:35,134.0825391,-7571.117461
2023/7/10 23:40,134.0825391,-7571.117461
2023/7/10 23:45,134.0825391,-7571.117461
2023/7/10 23:50,134.0825391,-7571.117461
2023/7/10 23:55,134.0825391,-7571.117461
2023/7/11 0:00,134.0825391,-7571.117461
2023/7/11 0:05,134.0825391,-7571.117461
2023/7/11 0:10,134.0825391,-7571.117461
2023/7/11 0:15,134.0825391,-7571.117461
2023/7/11 0:20,134.0825391,-7571.117461
2023/7/11 0:25,134.0825391,-7571.117461
2023/7/11 0:30,134.0825391,-7571.117461
2023/7/11 0:35,134.0825391,-7571.117461
2023/7/11 0:40,134.0825391,-7571.117461
2023/7/11 0:45,134.0825391,-7571.117461
2023/7/11 0:50,134.0825391,-7571.117461
2023/7/11 0:55,134.0825391,-7571.117461
2023/7/11 1:00,134.0825391,-7571.117461
2023/7/11 1:05,134.0825391,-7571.117461
2023/7/11 1:10,134.0825391,-7571.117461
2023/7/11 1:15,134.0825391,-7571.117461
2023/7/11 1:20,134.0825391,-7571.117461
2023/7/11 1:25,134.0825391,-7571.117461
2023/7/11 1:30,134.0825391,-7571.117461
2023/7/11 1:35,134.0825391,-7571.117461
2023/7/11 1:40,134.0825391,-7571.117461
2023/7/11 1:45,134.0825391,-7571.117461
2023/7/11 1:50,134.0825391,-7571.117461
2023/7/11 1:55,134.0825391,-7571.117461
2023/7/11 2:00,179.8995821,-7525.300418
2023/7/11 2:05,283.3071959,-7421.892804
2023/7/11 2:10,284.3452715,-7420.854729
2023/7/11 2:15,284.3452715,-7420.854729
2023/7/11 2:20,282.9805559,-7422.219444
2023/7/11 2:25,286.0324001,-7419.1676
2023/7/11 2:30,299.6129268,-7405.587073
2023/7/11 2:35,314.1693041,-7391.030696
2023/7/11 2:40,315.4704777,-7389.729522
2023/7/11 2:45,318.3230219,-7386.876978
2023/7/11 2:50,318.3230219,-7386.876978
2023/7/11 2:55,316.6473749,-7388.552625
2023/7/11 3:00,316.6473749,-7388.552625
2023/7/11 3:05,313.7690417,-7391.430958
2023/7/11 3:10,313.7690417,-7391.430958
2023/7/11 3:15,313.7690417,-7391.430958
2023/7/11 3:20,313.7690417,-7391.430958
2023/7/11 3:25,313.7690417,-7391.430958
2023/7/11 3:30,244.889213,-7460.310787
2023/7/11 3:35,262.3237255,-7442.876274
2023/7/11 3:40,262.3237255,-7442.876274
2023/7/11 3:45,264.9111853,-7440.288815
2023/7/11 3:50,266.525647,-7438.674353
2023/7/11 3:55,265.8393853,-7439.360615
2023/7/11 4:00,271.617319,-7433.582681
2023/7/11 4:05,280.5635662,-7424.636434
2023/7/11 4:10,270.6407488,-7434.559251
2023/7/11 4:15,270.6407488,-7434.559251
2023/7/11 4:20,272.8809046,-7432.319095
2023/7/11 4:25,272.8809046,-7432.319095
2023/7/11 4:30,275.7209764,-7429.479024
2023/7/11 4:35,270.8804098,-7434.31959
2023/7/11 4:40,270.8804098,-7434.31959
2023/7/11 4:45,283.8076909,-7421.392309
2023/7/11 4:50,283.5739839,-7421.626016
2023/7/11 4:55,283.5739839,-7421.626016
2023/7/11 5:00,283.5739839,-7421.626016
2023/7/11 5:05,302.3906754,-7402.809325
2023/7/11 5:10,303.387669,-7401.812331
2023/7/11 5:15,303.387669,-7401.812331
2023/7/11 5:20,312.1942188,-7393.005781
2023/7/11 5:25,312.1942188,-7393.005781
2023/7/11 5:30,300.6155601,-7404.58444
2023/7/11 5:35,300.6155601,-7404.58444
