time,pnl,,
2023/5/5 0:30,-1.971192,-68.006124,27681.99388
2023/5/5 0:35,11.8031915,407.2101066,28157.21011
2023/5/5 0:40,0,0,27750
2023/5/5 0:45,-1.2022206,-41.4766107,27708.52339
2023/5/5 0:50,-16.8643294,-581.8193643,27168.18064
2023/5/5 0:55,0,0,27750
2023/5/5 1:00,-13.2235914,-456.2139033,27293.7861
2023/5/5 1:05,26.697765,921.0728925,28671.07289
2023/5/5 1:10,-3.9273342,-135.4930299,27614.50697
2023/5/5 1:15,0,0,27750
2023/5/5 1:20,0,0,27750
2023/5/5 1:25,12.36850672,426.713482,28176.71348
2023/5/5 1:30,103.6433615,3575.69597,31325.69597
2023/5/5 1:35,8.7685968,302.5165896,28052.51659
2023/5/5 1:40,21.0869936,727.5012792,28477.50128
2023/5/5 1:45,0,0,27750
2023/5/5 1:50,0,0,27750
2023/5/5 1:55,22.61437725,780.1960151,28530.19602
2023/5/5 2:00,-194.3829766,-6706.212693,21043.78731
2023/5/5 2:05,0,0,27750
2023/5/5 2:10,5.4488966,187.9869327,27937.98693
2023/5/5 2:15,0,0,27750
2023/5/5 2:20,0,0,27750
2023/5/5 2:25,0,0,27750
2023/5/5 2:30,-170.2701996,-5874.321886,21875.67811
2023/5/5 2:35,0,0,27750
2023/5/5 2:40,0,0,27750
2023/5/5 2:45,45.512789,1570.19122,29320.19122
2023/5/5 2:50,70.909293,2446.370608,30196.37061
2023/5/5 2:55,-21.8097736,-752.4371892,26997.56281
2023/5/5 3:00,38.2784094,1320.605124,29070.60512
2023/5/5 3:05,0,0,27750
2023/5/5 3:10,-43.65132172,-1505.970599,26244.0294
2023/5/5 3:15,6.9038816,238.1839152,27988.18392
2023/5/5 3:20,-19.2374058,-663.6905001,27086.3095
2023/5/5 3:25,-4.50814764,-155.5310936,27594.46891
2023/5/5 3:30,35.2646198,1216.629383,28966.62938
2023/5/5 3:35,-71.1268526,-2453.876415,25296.12359
2023/5/5 3:40,0.6134016,21.1623552,27771.16236
2023/5/5 3:45,0,0,27750
2023/5/5 3:50,-3.1993718,-110.3783271,27639.62167
2023/5/5 3:55,-48.6444344,-1678.232987,26071.76701
2023/5/5 4:00,60.2498692,2078.620487,29828.62049
2023/5/5 4:05,15.34059744,529.2506117,28279.25061
2023/5/5 4:10,15.949444,550.255818,28300.25582
2023/5/5 4:15,2.0720002,71.4840069,27821.48401
2023/5/5 4:20,-35.75082215,-1233.403364,26516.59664
2023/5/5 4:25,0,0,27750
2023/5/5 4:30,0,0,27750
2023/5/5 4:35,0,0,27750
2023/5/5 4:40,26.2608738,906.0001461,28656.00015
2023/5/5 4:45,10.1113476,348.8414922,28098.84149
2023/5/5 4:50,0,0,27750
2023/5/5 4:55,10.4292494,359.8091043,28109.8091
2023/5/5 5:00,-6.461569,-222.9241305,27527.07587
2023/5/5 5:05,12.73083395,439.2137713,28189.21377
2023/5/5 5:10,-0.1162932,-4.0121154,27745.98788
2023/5/5 5:15,-2.5769384,-88.9043748,27661.09563
2023/5/5 5:20,-14.1378606,-487.7561907,27262.24381
2023/5/5 5:25,0,0,27750
2023/5/5 5:30,1.020028,35.190966,27785.19097
2023/5/5 5:35,0,0,27750
2023/5/5 5:40,60.93167155,2102.142668,29852.14267
2023/5/5 5:45,-5.036115333,-173.745979,27576.25402
2023/5/5 5:50,0,0,27750
2023/5/5 5:55,12.86785394,443.940961,28193.94096
2023/5/5 6:00,1.2818132,44.2225554,27794.22256
2023/5/5 6:05,0.586567599,20.23658217,27770.23658
2023/5/5 6:10,-1.700220933,-58.6576222,27691.34238
2023/5/5 6:15,2.4721914,85.2906033,27835.2906
2023/5/5 6:20,1.6509296,56.9570712,27806.95707
2023/5/5 6:25,-0.5570594,-19.2185493,27730.78145
2023/5/5 6:30,10.4405522,360.1990509,28110.19905
2023/5/5 6:35,15.2871074,527.4052053,28277.40521
2023/5/5 6:40,2.450449333,84.540502,27834.5405
2023/5/5 6:45,-1.059526097,-36.55365034,27713.44635
2023/5/5 6:50,0,0,27750
2023/5/5 6:55,-46.03105649,-1588.071449,26161.92855
2023/5/5 7:00,139.5553912,4814.660998,32564.661
2023/5/5 7:05,0,0,27750
2023/5/5 7:10,-115.3788872,-3980.571608,23769.42839
2023/5/5 7:15,1.101763467,38.0108396,27788.01084
2023/5/5 7:20,-1.8538154,-63.9566313,27686.04337
2023/5/5 7:25,-12.61900093,-435.3555322,27314.64447
2023/5/5 7:30,1.361070133,46.9569196,27796.95692
2023/5/5 7:35,0,0,27750
2023/5/5 7:40,-23.85878304,-823.1280148,26926.87199
2023/5/5 7:45,10.5559612,364.1806614,28114.18066
2023/5/5 7:50,-22.13975353,-763.8214969,26986.1785
2023/5/5 7:55,25.2916308,872.5612626,28622.56126
2023/5/5 8:00,-6.58852,-227.30394,27522.69606
2023/5/5 8:05,-17.59768922,-607.1202782,27142.87972
2023/5/5 8:10,-1.105685556,-38.14615167,27711.85385
2023/5/5 8:15,32.7262788,1129.056619,28879.05662
2023/5/5 8:20,0.164021711,5.658749033,27755.65875
2023/5/5 8:25,13.29503953,458.6788639,28208.67886
2023/5/5 8:30,1.085704022,37.45678877,27787.45679
2023/5/5 8:35,-7.345368311,-253.4152067,27496.58479
2023/5/5 8:40,0,0,27750
2023/5/5 8:45,15.68511931,541.1366162,28291.13662
2023/5/5 8:50,-13.74450289,-474.1853497,27275.81465
2023/5/5 8:55,0,0,27750
2023/5/5 9:00,11.05250211,381.3113228,28131.31132
2023/5/5 9:05,0,0,27750
2023/5/5 9:10,0,0,27750
2023/5/5 9:15,2.280622489,78.68147587,27828.68148
2023/5/5 9:20,55.17814376,1903.64596,29653.64596
2023/5/5 9:25,-17.01207982,-586.9167539,27163.08325
2023/5/5 9:30,9.950371067,343.2878018,28093.2878
2023/5/5 9:35,0,0,27750
2023/5/5 9:40,-2.401430222,-82.84934267,27667.15066
2023/5/5 9:45,0,0,27750
2023/5/5 9:50,0,0,27750
2023/5/5 9:55,-14.42127878,-497.5341178,27252.46588
2023/5/5 10:00,37.63266391,1298.326905,29048.3269
2023/5/5 10:05,0,0,27750
2023/5/5 10:10,-7.662328533,-264.3503344,27485.64967
2023/5/5 10:15,-6.891973799,-237.7730961,27512.2269
2023/5/5 10:20,9.527342133,328.6933036,28078.6933
2023/5/5 10:25,0,0,27750
2023/5/5 10:30,-3.050638667,-105.247034,27644.75297
2023/5/5 10:35,-7.661001489,-264.3045514,27485.69545
2023/5/5 10:40,4.367215667,150.6689405,27900.66894
2023/5/5 10:45,9.190218844,317.0625501,28067.06255
2023/5/5 10:50,-2.662794644,-91.86641523,27658.13358
2023/5/5 10:55,3.890486533,134.2217854,27884.22179
2023/5/5 11:00,2.5564598,88.1978631,27838.19786
2023/5/5 11:05,2.3237394,80.1690093,27830.16901
2023/5/5 11:10,27.48562142,948.2539391,28698.25394
2023/5/5 11:15,-2.823192711,-97.40014853,27652.59985
2023/5/5 11:20,7.4801116,258.0638502,28008.06385
2023/5/5 11:25,20.9344838,722.2396911,28472.23969
2023/5/5 11:30,0,0,27750
2023/5/5 11:35,0,0,27750
2023/5/5 11:40,0,0,27750
2023/5/5 11:45,4.993735756,172.2838836,27922.28388
2023/5/5 11:50,-51.31344339,-1770.313797,25979.6862
2023/5/5 11:55,2.119551867,73.1245394,27823.12454
2023/5/5 12:00,-0.613829267,-21.1771097,27728.82289
2023/5/5 12:05,-15.78380427,-544.5412472,27205.45875
2023/5/5 12:10,6.805015467,234.7730336,27984.77303
2023/5/5 12:15,14.73789715,508.4574517,28258.45745
2023/5/5 12:20,20.27654527,699.5408117,28449.54081
2023/5/5 12:25,13.60756913,469.4611351,28219.46114
2023/5/5 12:30,465.3365784,16054.11195,43804.11195
2023/5/5 12:35,0,0,27750
2023/5/5 12:40,0,0,27750
2023/5/5 12:45,-182.2747708,-6288.479593,21461.52041
2023/5/5 12:50,0,0,27750
2023/5/5 12:55,125.8025885,4340.189304,32090.1893
2023/5/5 13:00,0,0,27750
2023/5/5 13:05,30.56797318,1054.595075,28804.59507
2023/5/5 13:10,-55.84739107,-1926.734992,25823.26501
2023/5/5 13:15,127.76798,4407.99531,32157.99531
2023/5/5 13:20,0,0,27750
2023/5/5 13:25,-3.831884422,-132.2000126,27617.79999
2023/5/5 13:30,0,0,27750
2023/5/5 13:35,0,0,27750
2023/5/5 13:40,24.72075278,852.8659708,28602.86597
2023/5/5 13:45,0,0,27750
2023/5/5 13:50,2.982154533,102.8843314,27852.88433
2023/5/5 13:55,0,0,27750
2023/5/5 14:00,55.8695624,1927.499903,29677.4999
2023/5/5 14:05,-9.876939822,-340.7544239,27409.24558
2023/5/5 14:10,46.71237133,1611.576811,29361.57681
2023/5/5 14:15,-0.585233133,-20.1905431,27729.80946
2023/5/5 14:20,-49.07343787,-1693.033606,26056.96639
2023/5/5 14:25,0,0,27750
2023/5/5 14:30,18.91120339,652.436517,28402.43652
2023/5/5 14:35,-79.84424607,-2754.626489,24995.37351
2023/5/5 14:40,-2.407150867,-83.0467049,27666.9533
2023/5/5 14:45,-54.26332847,-1872.084832,25877.91517
2023/5/5 14:50,0,0,27750
2023/5/5 14:55,120.1874748,4146.467881,31896.46788
2023/5/5 15:00,-24.68004633,-851.4615983,26898.5384
2023/5/5 15:05,56.86207602,1961.741623,29711.74162
2023/5/5 15:10,0,0,27750
2023/5/5 15:15,0,0,27750
2023/5/5 15:20,0,0,27750
2023/5/5 15:25,-37.52167687,-1294.497852,26455.50215
2023/5/5 15:30,0,0,27750
2023/5/5 15:35,157.7146619,5441.155834,33191.15583
2023/5/5 15:40,-59.99825211,-2069.939698,25680.0603
2023/5/5 15:45,-25.09090442,-865.6362026,26884.3638
2023/5/5 15:50,19.22464007,663.2500823,28413.25008
2023/5/5 15:55,80.9496938,2792.764436,30542.76444
2023/5/5 16:00,-42.25399518,-1457.762834,26292.23717
2023/5/5 16:05,1.403844815,48.43264611,27798.43265
2023/5/5 16:10,0,0,27750
2023/5/5 16:15,47.8216786,1649.847912,29399.84791
2023/5/5 16:20,24.19041936,834.5694678,28584.56947
2023/5/5 16:25,0,0,27750
2023/5/5 16:30,-11.55392789,-398.6105122,27351.38949
2023/5/5 16:35,0,0,27750
2023/5/5 16:40,29.81066121,1028.467812,28778.46781
2023/5/5 16:45,19.75849996,681.6682486,28431.66825
2023/5/5 16:50,6.102720689,210.5438638,27960.54386
2023/5/5 16:55,-45.75753748,-1578.635043,26171.36496
2023/5/5 17:00,-23.94441096,-826.082178,26923.91782
2023/5/5 17:05,0,0,27750
2023/5/5 17:10,10.80325593,372.7123297,28122.71233
2023/5/5 17:15,0,0,27750
2023/5/5 17:20,9.176322311,316.5831197,28066.58312
2023/5/5 17:25,1.953889911,67.40920193,27817.4092
2023/5/5 17:30,2.079383067,71.7387158,27821.73872
2023/5/5 17:35,-6.095497721,-210.2946714,27539.70533
2023/5/5 17:40,33.48174831,1155.120317,28905.12032
2023/5/5 17:45,-0.739899342,-25.52652731,27724.47347
2023/5/5 17:50,0,0,27750
2023/5/5 17:55,13.21026133,455.754016,28205.75402
2023/5/5 18:00,40.20841187,1387.190209,29137.19021
2023/5/5 18:05,0,0,27750
2023/5/5 18:10,-13.51380151,-466.2261521,27283.77385
2023/5/5 18:15,0,0,27750
2023/5/5 18:20,29.80030491,1028.110519,28778.11052
2023/5/5 18:25,-47.30738756,-1632.104871,26117.89513
2023/5/5 18:30,0.107559933,3.7108177,27753.71082
2023/5/5 18:35,-3.587600911,-123.7722314,27626.22777
2023/5/5 18:40,0,0,27750
2023/5/5 18:45,61.30891018,2115.157401,29865.1574
2023/5/5 18:50,-22.69725591,-783.0553289,26966.94467
2023/5/5 18:55,9.759051067,336.6872618,28086.68726
2023/5/5 19:00,0,0,27750
2023/5/5 19:05,101.5374285,3503.041284,31253.04128
2023/5/5 19:10,-2.208088267,-76.1790452,27673.82095
2023/5/5 19:15,0.0293732,1.0133754,27751.01338
2023/5/5 19:20,0,0,27750
2023/5/5 19:25,-5.290044689,-182.5065418,27567.49346
2023/5/5 19:30,0,0,27750
2023/5/5 19:35,3.337369489,115.1392474,27865.13925
2023/5/5 19:40,-28.74178865,-991.5917083,26758.40829
2023/5/5 19:45,0,0,27750
2023/5/5 19:50,33.73145627,1163.735241,28913.73524
2023/5/5 19:55,-32.9481408,-1136.710858,26613.28914
2023/5/5 20:00,-6.199742867,-213.8911289,27536.10887
2023/5/5 20:05,0,0,27750
2023/5/5 20:10,0,0,27750
2023/5/5 20:15,23.16178862,799.0817075,28549.08171
2023/5/5 20:20,-1.650462156,-56.94094437,27693.05906
2023/5/5 20:25,0,0,27750
2023/5/5 20:30,0,0,27750
2023/5/5 20:35,-2.145638587,-74.02453124,27675.97547
2023/5/5 20:40,22.53783162,777.5551909,28527.55519
2023/5/5 20:45,3.171182267,109.4057882,27859.40579
2023/5/5 20:50,-36.41221519,-1256.221424,26493.77858
2023/5/5 20:55,-25.99659806,-896.882633,26853.11737
2023/5/5 21:00,37.75472631,1302.538058,29052.53806
2023/5/5 21:05,2.828929822,97.59807887,27847.59808
2023/5/5 21:10,31.38875927,1082.912195,28832.91219
2023/5/5 21:15,-13.44728727,-463.9314107,27286.06859
2023/5/5 21:20,0.006517067,0.2248388,27750.22484
2023/5/5 21:25,-32.45221636,-1119.601464,26630.39854
2023/5/5 21:30,0,0,27750
2023/5/5 21:35,36.54781631,1260.899663,29010.89966
2023/5/5 21:40,-6.816072644,-235.1545062,27514.84549
2023/5/5 21:45,43.47769518,1499.980484,29249.98048
2023/5/5 21:50,0,0,27750
2023/5/5 21:55,-19.1257228,-659.8374366,27090.16256
2023/5/5 22:00,-31.24482057,-1077.94631,26672.05369
2023/5/5 22:05,0,0,27750
2023/5/5 22:10,-71.65592322,-2472.129351,25277.87065
2023/5/5 22:15,-90.55144027,-3124.024689,24625.97531
2023/5/5 22:20,8.474721156,292.3778799,28042.37788
2023/5/5 22:25,0,0,27750
2023/5/5 22:30,0,0,27750
2023/5/5 22:35,23.55114929,812.5146505,28562.51465
2023/5/5 22:40,0,0,27750
2023/5/5 22:45,-12.12845647,-418.4317481,27331.56825
2023/5/5 22:50,0,0,27750
2023/5/5 22:55,-48.7471172,-1681.775543,26068.22446
2023/5/5 23:00,53.01887344,1829.151134,29579.15113
2023/5/5 23:05,17.91568769,618.0912253,28368.09123
2023/5/5 23:10,1.399940889,48.29796067,27798.29796
2023/5/5 23:15,0,0,27750
2023/5/5 23:20,-19.14463686,-660.4899717,27089.51003
2023/5/5 23:25,12.6546246,436.5845487,28186.58455
2023/5/5 23:30,-10.90399173,-376.1877148,27373.81229
2023/5/5 23:35,-3.679659356,-126.9482478,27623.05175
2023/5/5 23:40,6.276014648,216.5225054,27966.52251
2023/5/5 23:45,-14.73786533,-508.456354,27241.54365
2023/5/5 23:50,-2.396969533,-82.6954489,27667.30455
2023/5/6 0:35,71.24853852,2458.074579,30208.07458
2023/5/6 0:40,0,0,27750
2023/5/6 0:45,-55.122878,-1901.739291,25848.26071
2023/5/6 0:50,-12.3513404,-426.1212438,27323.87876
2023/5/6 0:55,0,0,27750
2023/5/6 1:00,-2.4414208,-84.2290176,27665.77098
2023/5/6 1:05,-26.74559347,-922.7229746,26827.27703
2023/5/6 1:10,-12.645006,-436.252707,27313.74729
2023/5/6 1:15,0,0,27750
2023/5/6 1:20,41.3717602,1427.325727,29177.32573
2023/5/6 1:25,0,0,27750
2023/5/6 1:30,-31.4292656,-1084.309663,26665.69034
2023/5/6 1:35,0,0,27750
2023/5/6 1:40,0,0,27750
2023/5/6 1:45,15.8775878,547.7767791,28297.77678
2023/5/6 1:50,16.6389778,574.0447341,28324.04473
2023/5/6 1:55,0,0,27750
2023/5/6 2:00,-7.5429336,-260.2312092,27489.76879
2023/5/6 2:05,-3.961017,-136.6550865,27613.34491
2023/5/6 2:10,0,0,27750
2023/5/6 2:15,92.093008,3177.208776,30927.20878
2023/5/6 2:20,2.9899296,103.1525712,27853.15257
2023/5/6 2:25,-21.890736,-755.230392,26994.76961
2023/5/6 2:30,39.70114221,1369.689406,29119.68941
2023/5/6 2:35,0,0,27750
2023/5/6 2:40,-10.778798,-371.868531,27378.13147
2023/5/6 2:45,0,0,27750
2023/5/6 2:50,0,0,27750
2023/5/6 2:55,0,0,27750
2023/5/6 3:00,0,0,27750
2023/5/6 3:05,-54.781821,-1889.972825,25860.02718
2023/5/6 3:10,1.200765588,41.42641279,27791.42641
2023/5/6 3:15,0,0,27750
2023/5/6 3:20,25.8330928,891.2417016,28641.2417
2023/5/6 3:25,0,0,27750
2023/5/6 3:30,0,0,27750
2023/5/6 3:35,0,0,27750
2023/5/6 3:40,-46.1979363,-1593.828802,26156.1712
2023/5/6 3:45,-8.3406356,-287.7519282,27462.24807
2023/5/6 3:50,0,0,27750
2023/5/6 3:55,2.871882912,99.07996046,27849.07996
2023/5/6 4:00,-16.314936,-562.865292,27187.13471
2023/5/6 4:05,26.8525236,926.4120642,28676.41206
2023/5/6 4:10,38.612045,1332.115552,29082.11555
2023/5/6 4:15,77.6867826,2680.194,30430.194
2023/5/6 4:20,-81.0090628,-2794.812667,24955.18733
2023/5/6 4:25,2.90377,100.180065,27850.18007
2023/5/6 4:30,26.016747,897.5777715,28647.57777
2023/5/6 4:35,0,0,27750
2023/5/6 4:40,-56.1860574,-1938.41898,25811.58102
2023/5/6 4:45,0,0,27750
2023/5/6 4:50,53.5627588,1847.915179,29597.91518
2023/5/6 4:55,15.9284272,549.5307384,28299.53074
2023/5/6 5:00,-10.6699088,-368.1118536,27381.88815
2023/5/6 5:05,0,0,27750
2023/5/6 5:10,9.6830996,334.0669362,28084.06694
2023/5/6 5:15,4.4906322,154.9268109,27904.92681
2023/5/6 5:20,-2.090005,-72.1051725,27677.89483
2023/5/6 5:25,1.32653251,45.76537159,27795.76537
2023/5/6 5:30,1.2072586,41.6504217,27791.65042
2023/5/6 5:35,3.3734344,116.3834868,27866.38349
2023/5/6 5:40,-18.3376678,-632.6495391,27117.35046
2023/5/6 5:45,12.080608,416.780976,28166.78098
2023/5/6 5:50,0,0,27750
2023/5/6 5:55,-10.0492754,-346.7000013,27403.3
2023/5/6 6:00,2.0851176,71.9365572,27821.93656
2023/5/6 6:05,22.045046,760.554087,28510.55409
2023/5/6 6:10,0,0,27750
2023/5/6 6:15,43.8339506,1512.271296,29262.2713
2023/5/6 6:20,-9.6621598,-333.3445131,27416.65549
2023/5/6 6:25,-11.4299498,-394.3332681,27355.66673
2023/5/6 6:30,-7.5557316,-260.6727402,27489.32726
2023/5/6 6:35,0,0,27750
2023/5/6 6:40,-12.492978,-431.007741,27318.99226
2023/5/6 6:45,69.7787072,2407.365398,30157.3654
2023/5/6 6:50,0,0,27750
2023/5/6 6:55,0,0,27750
2023/5/6 7:00,-25.3520372,-874.6452834,26875.35472
2023/5/6 7:05,31.95825236,1102.559706,28852.55971
2023/5/6 7:10,6.2147908,214.4102826,27964.41028
2023/5/6 7:15,-1.185898325,-40.91349221,27709.08651
2023/5/6 7:20,-10.2351846,-353.1138687,27396.88613
2023/5/6 7:25,-14.5967016,-503.5862052,27246.41379
2023/5/6 7:30,-30.894457,-1065.858767,26684.14123
2023/5/6 7:35,-45.0318718,-1553.599577,26196.40042
2023/5/6 7:40,0,0,27750
2023/5/6 7:45,0,0,27750
2023/5/6 7:50,0,0,27750
2023/5/6 7:55,0,0,27750
2023/5/6 8:00,241.0393472,8315.85748,36065.85748
2023/5/6 8:05,0,0,27750
2023/5/6 8:10,0,0,27750
2023/5/6 8:15,-352.5563168,-12163.19293,15586.80707
2023/5/6 8:20,238.2938849,8221.139028,35971.13903
2023/5/6 8:25,-19.9412816,-687.9742152,27062.02578
2023/5/6 8:30,0,0,27750
2023/5/6 8:35,-2.061297,-71.1147465,27678.88525
2023/5/6 8:40,87.058646,3003.523287,30753.52329
2023/5/6 8:45,-80.3446488,-2771.890384,24978.10962
2023/5/6 8:50,0,0,27750
2023/5/6 8:55,-28.7667168,-992.4517296,26757.54827
2023/5/6 9:00,-17.1862,-592.9239,27157.0761
2023/5/6 9:05,0.042424714,1.463652633,27751.46365
2023/5/6 9:10,-11.4299774,-394.3342203,27355.66578
2023/5/6 9:15,86.6602936,2989.780129,30739.78013
2023/5/6 9:20,-78.7766542,-2717.79457,25032.20543
2023/5/6 9:25,46.2450868,1595.455495,29345.45549
2023/5/6 9:30,28.7587102,992.1755019,28742.1755
2023/5/6 9:35,0,0,27750
2023/5/6 9:40,50.0752546,1727.596284,29477.59628
2023/5/6 9:45,-82.7929364,-2856.356306,24893.64369
2023/5/6 9:50,-32.9494956,-1136.757598,26613.2424
2023/5/6 9:55,37.5159768,1294.3012,29044.3012
2023/5/6 10:00,-10.95038772,-377.7883765,27372.21162
2023/5/6 10:05,-81.6448724,-2816.748098,24933.2519
2023/5/6 10:10,57.3066742,1977.08026,29727.08026
2023/5/6 10:15,24.69099226,851.8392328,28601.83923
2023/5/6 10:20,38.111781,1314.856444,29064.85644
2023/5/6 10:25,-59.1929974,-2042.15841,25707.84159
2023/5/6 10:30,87.3231712,3012.649406,30762.64941
2023/5/6 10:35,-86.4629328,-2982.971182,24767.02882
2023/5/6 10:40,0,0,27750
2023/5/6 10:45,139.6715132,4818.667205,32568.6672
2023/5/6 10:50,0,0,27750
2023/5/6 10:55,-76.854246,-2651.471487,25098.52851
2023/5/6 11:00,0,0,27750
2023/5/6 11:05,0,0,27750
2023/5/6 11:10,58.211001,2008.279534,29758.27953
2023/5/6 11:15,0,0,27750
2023/5/6 11:20,-2.6787304,-92.4161988,27657.5838
2023/5/6 11:25,1.803430164,62.21834066,27812.21834
2023/5/6 11:30,0,0,27750
2023/5/6 11:35,-3.79051,-130.772595,27619.2274
2023/5/6 11:40,69.0246278,2381.349659,30131.34966
2023/5/6 11:45,0,0,27750
2023/5/6 11:50,1.6909378,58.3373541,27808.33735
2023/5/6 11:55,-13.935205,-480.7645725,27269.23543
2023/5/6 12:00,0,0,27750
2023/5/6 12:05,0,0,27750
2023/5/6 12:10,-119.0738787,-4108.048816,23641.95118
2023/5/6 12:15,65.9355858,2274.77771,30024.77771
2023/5/6 12:20,-17.7728644,-613.1638218,27136.83618
2023/5/6 12:25,43.36422138,1496.065638,29246.06564
2023/5/6 12:30,-112.5650376,-3883.493798,23866.5062
2023/5/6 12:35,211.8702706,7309.524337,35059.52434
2023/5/6 12:40,-23.64698502,-815.8209833,26934.17902
2023/5/6 12:45,0,0,27750
2023/5/6 12:50,0,0,27750
2023/5/6 12:55,-289.1433853,-9975.446792,17774.55321
2023/5/6 13:00,272.2025678,9390.988589,37140.98859
2023/5/6 13:05,-136.9351962,-4724.264269,23025.73573
2023/5/6 13:10,165.9305256,5724.603133,33474.60313
2023/5/6 13:15,54.23527432,1871.116964,29621.11696
2023/5/6 13:20,0,0,27750
2023/5/6 13:25,0,0,27750
2023/5/6 13:30,28.1779624,972.1397028,28722.1397
2023/5/6 13:35,-29.32958069,-1011.870534,26738.12947
2023/5/6 13:40,-29.8090194,-1028.411169,26721.58883
2023/5/6 13:45,-12.65296918,-436.5274367,27313.47256
2023/5/6 13:50,44.1992406,1524.873801,29274.8738
2023/5/6 13:55,0,0,27750
2023/5/6 14:00,-36.5400176,-1260.630607,26489.36939
2023/5/6 14:05,581.4749134,20060.88451,47810.88451
2023/5/6 14:10,0,0,27750
2023/5/6 14:15,0,0,27750
2023/5/6 14:20,0,0,27750
2023/5/6 14:25,-38.62920822,-1332.707684,26417.29232
2023/5/6 14:30,61.66228476,2127.348824,29877.34882
2023/5/6 14:35,-375.5935468,-12957.97736,14792.02264
2023/5/6 14:40,-79.20794284,-2732.674028,25017.32597
2023/5/6 14:45,-132.6092224,-4575.018173,23174.98183
2023/5/6 14:50,0,0,27750
2023/5/6 14:55,-0.0601944,-2.0767068,27747.92329
2023/5/6 15:00,-204.7483576,-7063.818337,20686.18166
2023/5/6 15:05,0,0,27750
2023/5/6 15:10,0,0,27750
2023/5/6 15:15,-665.3605476,-22954.93889,4795.061108
2023/5/6 15:20,0,0,27750
2023/5/6 15:25,1126.329121,38858.35467,66608.35467
2023/5/6 15:30,0,0,27750
2023/5/6 15:35,-290.3834093,-10018.22762,17731.77238
2023/5/6 15:40,218.1834902,7527.330412,35277.33041
2023/5/6 15:45,0,0,27750
2023/5/6 15:50,0,0,27750
2023/5/6 15:55,15.2664528,526.6926216,28276.69262
2023/5/6 16:00,-248.7559974,-8582.08191,19167.91809
2023/5/6 16:05,33.667945,1161.544102,28911.5441
2023/5/6 16:10,121.3271464,4185.786551,31935.78655
2023/5/6 16:15,87.246852,3010.016394,30760.01639
2023/5/6 16:20,-120.604019,-4160.838656,23589.16134
2023/5/6 16:25,0,0,27750
2023/5/6 16:30,0,0,27750
2023/5/6 16:35,-52.8067092,-1821.831467,25928.16853
2023/5/6 16:40,0,0,27750
2023/5/6 16:45,49.99003401,1724.656173,29474.65617
2023/5/6 16:50,0,0,27750
2023/5/6 16:55,123.4059694,4257.505944,32007.50594
2023/5/6 17:00,-34.1723444,-1178.945882,26571.05412
2023/5/6 17:05,-63.145057,-2178.504466,25571.49553
2023/5/6 17:10,5.857231092,202.0744727,27952.07447
2023/5/6 17:15,10.1188168,349.0991796,28099.09918
2023/5/6 17:20,-7.7154414,-266.1827283,27483.81727
2023/5/6 17:25,-10.28529924,-354.8428238,27395.15718
2023/5/6 17:30,0,0,27750
2023/5/6 17:35,0,0,27750
2023/5/6 17:40,-40.489052,-1396.872294,26353.12771
2023/5/6 17:45,-3.2689218,-112.7778021,27637.2222
2023/5/6 17:50,4.2110122,145.2799209,27895.27992
2023/5/6 17:55,0.92826,32.02497,27782.02497
2023/5/6 18:00,0,0,27750
2023/5/6 18:05,30.9174806,1066.653081,28816.65308
2023/5/6 18:10,-82.92203804,-2860.810312,24889.18969
2023/5/6 18:15,-109.715104,-3785.171088,23964.82891
2023/5/6 18:20,107.8869104,3722.098409,31472.09841
2023/5/6 18:25,8.1721364,281.9387058,28031.93871
2023/5/6 18:30,0,0,27750
2023/5/6 18:35,0,0,27750
2023/5/6 18:40,-142.5402758,-4917.639513,22832.36049
2023/5/6 18:45,0,0,27750
2023/5/6 18:50,22.3776998,772.0306431,28522.03064
2023/5/6 18:55,-10.0187992,-345.6485724,27404.35143
2023/5/6 19:00,93.3870402,3221.852887,30971.85289
2023/5/6 19:05,126.2658612,4356.172211,32106.17221
2023/5/6 19:10,-184.7440236,-6373.668814,21376.33119
2023/5/6 19:15,196.4807968,6778.587491,34528.58749
2023/5/6 19:20,0,0,27750
2023/5/6 19:25,0,0,27750
2023/5/6 19:30,-85.2594112,-2941.449686,24808.55031
2023/5/6 19:35,0,0,27750
2023/5/6 19:40,-179.955921,-6208.479274,21541.52073
2023/5/6 19:45,111.2870004,3839.401514,31589.40151
2023/5/6 19:50,-5.8295352,-201.1189644,27548.88104
2023/5/6 19:55,59.70716593,2059.897225,29809.89722
2023/5/6 20:00,-11.2260172,-387.2975934,27362.70241
2023/5/6 20:05,-17.0568948,-588.4628706,27161.53713
2023/5/6 20:10,0,0,27750
2023/5/6 20:15,-1.8202088,-62.7972036,27687.2028
2023/5/6 20:20,0,0,27750
2023/5/6 20:25,-12.265081,-423.1452945,27326.85471
2023/5/6 20:30,1.4082136,48.5833692,27798.58337
2023/5/6 20:35,10.9990772,379.4681634,28129.46816
2023/5/6 20:40,0,0,27750
2023/5/6 20:45,0,0,27750
2023/5/6 20:50,0,0,27750
2023/5/6 20:55,0,0,27750
2023/5/6 21:00,32.6821288,1127.533444,28877.53344
2023/5/6 21:05,-65.47470486,-2258.877318,25491.12268
2023/5/6 21:10,-38.3576512,-1323.338966,26426.66103
2023/5/6 21:15,-28.0452004,-967.5594138,26782.44059
2023/5/6 21:20,24.0724876,830.5008222,28580.50082
2023/5/6 21:25,21.3424384,736.3141248,28486.31412
2023/5/6 21:30,0,0,27750
2023/5/6 21:35,-73.04563923,-2520.074554,25229.92545
2023/5/6 21:40,-99.6339452,-3437.371109,24312.62889
2023/5/6 21:45,0,0,27750
2023/5/6 21:50,288.7614628,9962.270467,37712.27047
2023/5/6 21:55,195.0608142,6729.59809,34479.59809
2023/5/6 22:00,-191.620358,-6610.902351,21139.09765
2023/5/6 22:05,-7.4520292,-257.0950074,27492.90499
2023/5/6 22:10,-24.8064536,-855.8226492,26894.17735
2023/5/6 22:15,14.03249945,484.121231,28234.12123
2023/5/6 22:20,41.80989873,1442.441506,29192.44151
2023/5/6 22:25,-3.0096904,-103.8343188,27646.16568
2023/5/6 22:30,-4.564669667,-157.4811035,27592.5189
2023/5/6 22:35,-30.048009,-1036.65631,26713.34369
2023/5/6 22:40,29.92958513,1032.570687,28782.57069
2023/5/6 22:45,-23.33091393,-804.9165307,26945.08347
2023/5/6 22:50,23.0912838,796.6492911,28546.64929
2023/5/6 22:55,0,0,27750
2023/5/6 23:00,0,0,27750
2023/5/6 23:05,64.1522746,2213.253474,29963.25347
2023/5/6 23:10,0,0,27750
2023/5/6 23:15,-82.7042078,-2853.295169,24896.70483
2023/5/6 23:20,18.26271247,630.0635801,28380.06358
2023/5/6 23:25,4.400651733,151.8224848,27901.82248
2023/5/6 23:30,31.34357493,1081.353335,28831.35334
2023/5/6 23:35,21.65386067,747.058193,28497.05819
2023/5/6 23:40,-18.6815972,-644.5151034,27105.4849
2023/5/6 23:45,0,0,27750
2023/5/6 23:50,11.62039933,400.903777,28150.90378
2023/5/6 23:55,33.2705184,1147.832885,28897.83288
2023/5/7 0:35,-0.0378864,-1.3070808,27748.69292
2023/5/7 0:40,-1.1847542,-40.8740199,27709.12598
2023/5/7 0:45,14.00264386,483.0912132,28233.09121
2023/5/7 0:50,0,0,27750
2023/5/7 0:55,-45.4017938,-1566.361886,26183.63811
2023/5/7 1:00,6.3777994,220.0340793,27970.03408
2023/5/7 1:05,8.6377136,298.0011192,28048.00112
2023/5/7 1:10,0,0,27750
2023/5/7 1:15,0.0577658,1.9929201,27751.99292
2023/5/7 1:20,-66.8062144,-2304.814397,25445.1856
2023/5/7 1:25,34.9256772,1204.935863,28954.93586
2023/5/7 1:30,-46.2018844,-1593.965012,26156.03499
2023/5/7 1:35,0,0,27750
2023/5/7 1:40,0,0,27750
2023/5/7 1:45,25.3989154,876.2625813,28626.26258
2023/5/7 1:50,16.8278492,580.5607974,28330.5608
2023/5/7 1:55,23.1953756,800.2404582,28550.24046
2023/5/7 2:00,3.5056528,120.9450216,27870.94502
2023/5/7 2:05,0,0,27750
2023/5/7 2:10,10.6434177,367.1979105,28117.19791
2023/5/7 2:15,-56.41037393,-1946.157901,25803.8421
2023/5/7 2:20,42.7653612,1475.404961,29225.40496
2023/5/7 2:25,0,0,27750
2023/5/7 2:30,29.0547074,1002.387405,28752.38741
2023/5/7 2:35,-22.5261748,-777.1530306,26972.84697
2023/5/7 2:40,-18.36048192,-633.4366264,27116.56337
2023/5/7 2:45,5.2348844,180.6035118,27930.60351
2023/5/7 2:50,5.4991842,189.7218549,27939.72185
2023/5/7 2:55,4.038687816,139.3347297,27889.33473
2023/5/7 3:00,-3.588518906,-123.8039023,27626.1961
2023/5/7 3:05,0,0,27750
2023/5/7 3:10,18.4709034,637.2461673,28387.24617
2023/5/7 3:15,-25.2688268,-871.7745246,26878.22548
2023/5/7 3:20,-4.71736,-162.74892,27587.25108
2023/5/7 3:25,3.05071,105.249495,27855.2495
2023/5/7 3:30,-24.2846676,-837.8210322,26912.17897
2023/5/7 3:35,8.7550712,302.0499564,28052.04996
2023/5/7 3:40,13.1375208,453.2444676,28203.24447
2023/5/7 3:45,11.2973008,389.7568776,28139.75688
2023/5/7 3:50,20.0351238,691.2117711,28441.21177
2023/5/7 3:55,0.9744892,33.6198774,27783.61988
2023/5/7 4:00,9.8175988,338.7071586,28088.70716
2023/5/7 4:05,5.668219231,195.5535635,27945.55356
2023/5/7 4:10,12.3909891,427.4891241,28177.48912
2023/5/7 4:15,19.9745044,689.1204018,28439.1204
2023/5/7 4:20,4.3465546,149.9561337,27899.95613
2023/5/7 4:25,0,0,27750
2023/5/7 4:30,19.343579,667.3534755,28417.35348
2023/5/7 4:35,-0.857944992,-29.59910222,27720.4009
2023/5/7 4:40,0,0,27750
2023/5/7 4:45,10.206346,352.118937,28102.11894
2023/5/7 4:50,-2.141893892,-73.89533927,27676.10466
2023/5/7 4:55,6.4106668,221.1680046,27971.168
2023/5/7 5:00,5.6844746,196.1143737,27946.11437
2023/5/7 5:05,32.7865244,1131.135092,28881.13509
2023/5/7 5:10,-24.68377521,-851.5902448,26898.40976
2023/5/7 5:15,12.63346114,435.8544095,28185.85441
2023/5/7 5:20,-25.0168532,-863.0814354,26886.91856
2023/5/7 5:25,18.34842752,633.0207493,28383.02075
2023/5/7 5:30,-11.4759816,-395.9213652,27354.07863
2023/5/7 5:35,0,0,27750
2023/5/7 5:40,0,0,27750
2023/5/7 5:45,12.2412362,422.3226489,28172.32265
2023/5/7 5:50,0,0,27750
2023/5/7 5:55,0,0,27750
2023/5/7 6:00,31.58315813,1089.618955,28839.61896
2023/5/7 6:05,-26.8396932,-925.9694154,26824.03058
2023/5/7 6:10,23.01219004,793.9205564,28543.92056
2023/5/7 6:15,-39.0926398,-1348.696073,26401.30393
2023/5/7 6:20,0,0,27750
2023/5/7 6:25,56.3075732,1942.611275,29692.61128
2023/5/7 6:30,0,0,27750
2023/5/7 6:35,-11.49173382,-396.4648167,27353.53518
2023/5/7 6:40,0,0,27750
2023/5/7 6:45,-15.6267156,-539.1216882,27210.87831
2023/5/7 6:50,23.51315453,811.2038311,28561.20383
2023/5/7 6:55,0,0,27750
2023/5/7 7:00,-44.22622011,-1525.804594,26224.19541
2023/5/7 7:05,0,0,27750
2023/5/7 7:10,-1.1499732,-39.6740754,27710.32592
2023/5/7 7:15,22.75687453,785.1121713,28535.11217
2023/5/7 7:20,-28.67594704,-989.3201729,26760.67983
2023/5/7 7:25,112.314156,3874.838382,31624.83838
2023/5/7 7:30,-84.0560494,-2899.933704,24850.0663
2023/5/7 7:35,-1.108610608,-38.24706598,27711.75293
2023/5/7 7:40,-15.5328574,-535.8835803,27214.11642
2023/5/7 7:45,0,0,27750
2023/5/7 7:50,18.38117258,634.1504541,28384.15045
2023/5/7 7:55,1.618612,55.842114,27805.84211
2023/5/7 8:00,0.9081536,31.3312992,27781.3313
2023/5/7 8:05,0,0,27750
2023/5/7 8:10,12.6720644,437.1862218,28187.18622
2023/5/7 8:15,-19.0218538,-656.2539561,27093.74604
2023/5/7 8:20,7.267428,250.726266,28000.72627
2023/5/7 8:25,1.2503242,43.1361849,27793.13618
2023/5/7 8:30,-56.95845525,-1965.066706,25784.93329
2023/5/7 8:35,19.5111214,673.1336883,28423.13369
2023/5/7 8:40,31.79818,1097.03721,28847.03721
2023/5/7 8:45,-18.1943688,-627.7057236,27122.29428
2023/5/7 8:50,4.274118,147.457071,27897.45707
2023/5/7 8:55,-8.5463056,-294.8475432,27455.15246
2023/5/7 9:00,6.0580862,209.0039739,27959.00397
2023/5/7 9:05,-6.4969462,-224.1446439,27525.85536
2023/5/7 9:10,-9.8419996,-339.5489862,27410.45101
2023/5/7 9:15,0.4700241,16.21583145,27766.21583
2023/5/7 9:20,-34.44708258,-1188.424349,26561.57565
2023/5/7 9:25,-16.066877,-554.3072565,27195.69274
2023/5/7 9:30,148.0637483,5108.199317,32858.19932
2023/5/7 9:35,0,0,27750
2023/5/7 9:40,0,0,27750
2023/5/7 9:45,-150.9999816,-5209.499365,22540.50063
2023/5/7 9:50,88.4787144,3052.515647,30802.51565
2023/5/7 9:55,0,0,27750
2023/5/7 10:00,-3.8782008,-133.7979276,27616.20207
2023/5/7 10:05,-4.462975,-153.9726375,27596.02736
2023/5/7 10:10,9.3474868,322.4882946,28072.48829
2023/5/7 10:15,0.9399718,32.4290271,27782.42903
2023/5/7 10:20,2.394003,82.5931035,27832.5931
2023/5/7 10:25,-3.0719684,-105.9829098,27644.01709
2023/5/7 10:30,-2.9803162,-102.8209089,27647.17909
2023/5/7 10:35,-3.2275074,-111.3490053,27638.65099
2023/5/7 10:40,20.5978564,710.6260458,28460.62605
2023/5/7 10:45,-1.3131798,-45.3047031,27704.6953
2023/5/7 10:50,6.37343791,219.8836079,27969.88361
2023/5/7 10:55,-20.879334,-720.337023,27029.66298
2023/5/7 11:00,1.0924738,37.6903461,27787.69035
2023/5/7 11:05,13.4933378,465.5201541,28215.52015
2023/5/7 11:10,0.4201712,14.4959064,27764.49591
2023/5/7 11:15,-29.560395,-1019.833628,26730.16637
2023/5/7 11:20,-9.815415448,-338.631833,27411.36817
2023/5/7 11:25,0,0,27750
2023/5/7 11:30,0,0,27750
2023/5/7 11:35,106.184915,3663.379567,31413.37957
2023/5/7 11:40,0,0,27750
2023/5/7 11:45,-0.203509,-7.0210605,27742.97894
2023/5/7 11:50,5.0195116,173.1731502,27923.17315
2023/5/7 11:55,-4.0867622,-140.9932959,27609.0067
2023/5/7 12:00,0,0,27750
2023/5/7 12:05,-14.54089295,-501.6608068,27248.33919
2023/5/7 12:10,-4.140134768,-142.8346495,27607.16535
2023/5/7 12:15,2.254106136,77.76666169,27827.76666
2023/5/7 12:20,0,0,27750
2023/5/7 12:25,6.7021066,231.2226777,27981.22268
2023/5/7 12:30,20.801269,717.6437805,28467.64378
2023/5/7 12:35,-2.240496,-77.297112,27672.70289
2023/5/7 12:40,-20.2743582,-699.4653579,27050.53464
2023/5/7 12:45,-25.08974501,-865.5962028,26884.4038
2023/5/7 12:50,21.11247281,728.3803119,28478.38031
2023/5/7 12:55,-11.7503304,-405.3863988,27344.6136
2023/5/7 13:00,0,0,27750
2023/5/7 13:05,7.204254472,248.5467793,27998.54678
2023/5/7 13:10,2.271219384,78.35706875,27828.35707
2023/5/7 13:15,-64.2194246,-2215.570149,25534.42985
2023/5/7 13:20,0,0,27750
2023/5/7 13:25,83.4182404,2877.929294,30627.92929
2023/5/7 13:30,-8.9422822,-308.5087359,27441.49126
2023/5/7 13:35,-3.3754982,-116.4546879,27633.54531
2023/5/7 13:40,0,0,27750
2023/5/7 13:45,8.6053632,296.8850304,28046.88503
2023/5/7 13:50,-7.450947536,-257.05769,27492.94231
2023/5/7 13:55,9.774837988,337.2319106,28087.23191
2023/5/7 14:00,-0.3064328,-10.5719316,27739.42807
2023/5/7 14:05,14.69451,506.960595,28256.9606
2023/5/7 14:10,-20.02805303,-690.9678294,27059.03217
2023/5/7 14:15,0,0,27750
2023/5/7 14:20,-7.096134133,-244.8166276,27505.18337
2023/5/7 14:25,0,0,27750
2023/5/7 14:30,97.58316741,3366.619276,31116.61928
2023/5/7 14:35,0,0,27750
2023/5/7 14:40,0,0,27750
2023/5/7 14:45,0,0,27750
2023/5/7 14:50,0,0,27750
2023/5/7 14:55,0,0,27750
2023/5/7 15:00,0,0,27750
2023/5/7 15:05,-0.5411524,-18.6697578,27731.33024
2023/5/7 15:10,0,0,27750
2023/5/7 15:15,-7.403392333,-255.4170355,27494.58296
2023/5/7 15:20,6.9424984,239.5161948,27989.51619
2023/5/7 15:25,-6.9292598,-239.0594631,27510.94054
2023/5/7 15:30,45.9409722,1584.963541,29334.96354
2023/5/7 15:35,0,0,27750
2023/5/7 15:40,0,0,27750
2023/5/7 15:45,0,0,27750
2023/5/7 15:50,46.2447665,1595.444444,29345.44444
2023/5/7 15:55,0,0,27750
2023/5/7 16:00,0,0,27750
2023/5/7 16:05,-28.2045542,-973.0571199,26776.94288
2023/5/7 16:10,-37.67242727,-1299.698741,26450.30126
2023/5/7 16:15,10.0418536,346.4439492,28096.44395
2023/5/7 16:20,-107.8156596,-3719.640256,24030.35974
2023/5/7 16:25,34.38873007,1186.411187,28936.41119
2023/5/7 16:30,-15.92986492,-549.5803397,27200.41966
2023/5/7 16:35,14.86871333,512.97061,28262.97061
2023/5/7 16:40,0,0,27750
2023/5/7 16:45,0,0,27750
2023/5/7 16:50,0,0,27750
2023/5/7 16:55,8.063556856,278.1927115,28028.19271
2023/5/7 17:00,-1.306086267,-45.0599762,27704.94002
2023/5/7 17:05,0,0,27750
2023/5/7 17:10,-82.32269438,-2840.132956,24909.86704
2023/5/7 17:15,-11.8906756,-410.2283082,27339.77169
2023/5/7 17:20,3.698871596,127.6110701,27877.61107
2023/5/7 17:25,55.48124433,1914.102929,29664.10293
2023/5/7 17:30,0,0,27750
2023/5/7 17:35,4.142613,142.9201485,27892.92015
2023/5/7 17:40,5.2825508,182.2480026,27932.248
2023/5/7 17:45,-5.278556067,-182.1101843,27567.88982
2023/5/7 17:50,4.213194467,145.3552091,27895.35521
2023/5/7 17:55,0,0,27750
2023/5/7 18:00,0.7746128,26.7241416,27776.72414
2023/5/7 18:05,3.086667333,106.490023,27856.49002
2023/5/7 18:10,8.36139673,288.4681872,28038.46819
2023/5/7 18:15,-7.226813755,-249.3250745,27500.67493
2023/5/7 18:20,-8.9868446,-310.0461387,27439.95386
2023/5/7 18:25,-2.502911024,-86.35043033,27663.64957
2023/5/7 18:30,12.01407793,414.4856887,28164.48569
2023/5/7 18:35,0,0,27750
2023/5/7 18:40,-8.0970672,-279.3488184,27470.65118
2023/5/7 18:45,-2.6164578,-90.2677941,27659.73221
2023/5/7 18:50,6.284638307,216.8200216,27966.82002
2023/5/7 18:55,-11.83120873,-408.1767013,27341.8233
2023/5/7 19:00,-22.43335253,-773.9506624,26976.04934
2023/5/7 19:05,-31.89676748,-1100.438478,26649.56152
2023/5/7 19:10,0,0,27750
2023/5/7 19:15,29.12579507,1004.83993,28754.83993
2023/5/7 19:20,0,0,27750
2023/5/7 19:25,0.3454736,11.9188392,27761.91884
2023/5/7 19:30,30.07671707,1037.646739,28787.64674
2023/5/7 19:35,11.53117867,397.825664,28147.82566
2023/5/7 19:40,-7.1377646,-246.2528787,27503.74712
2023/5/7 19:45,-11.8255502,-407.9814819,27342.01852
2023/5/7 19:50,16.4918344,568.9682868,28318.96829
2023/5/7 19:55,-1.759569333,-60.705142,27689.29486
2023/5/7 20:00,-3.637557467,-125.4957326,27624.50427
2023/5/7 20:05,-10.6011772,-365.7406134,27384.25939
2023/5/7 20:10,8.398740067,289.7565323,28039.75653
2023/5/7 20:15,0,0,27750
2023/5/7 20:20,20.80897497,717.9096364,28467.90964
2023/5/7 20:25,0.8409604,29.0131338,27779.01313
2023/5/7 20:30,0,0,27750
2023/5/7 20:35,23.04023787,794.8882064,28544.88821
2023/5/7 20:40,-18.11798287,-625.0704089,27124.92959
2023/5/7 20:45,22.9945664,793.3125408,28543.31254
2023/5/7 20:50,-11.12499918,-383.8124717,27366.18753
2023/5/7 20:55,3.8783634,133.8035373,27883.80354
2023/5/7 21:00,-0.341265267,-11.7736517,27738.22635
2023/5/7 21:05,-27.73810301,-956.964554,26793.03545
2023/5/7 21:10,0,0,27750
2023/5/7 21:15,0,0,27750
2023/5/7 21:20,5.8943374,203.3546403,27953.35464
2023/5/7 21:25,30.78536093,1062.094952,28812.09495
2023/5/7 21:30,62.1581792,2144.457182,29894.45718
2023/5/7 21:35,-30.7929094,-1062.355374,26687.64463
2023/5/7 21:40,0,0,27750
2023/5/7 21:45,-31.50149773,-1086.801672,26663.19833
2023/5/7 21:50,-5.9807754,-206.3367513,27543.66325
2023/5/7 21:55,-43.13858727,-1488.281261,26261.71874
2023/5/7 22:00,0,0,27750
2023/5/7 22:05,-1.65086,-56.95467,27693.04533
2023/5/7 22:10,0,0,27750
2023/5/7 22:15,88.6294304,3057.715349,30807.71535
2023/5/7 22:20,16.61652799,573.2702156,28323.27022
2023/5/7 22:25,-1.0583768,-36.5139996,27713.486
2023/5/7 22:30,-1.358174133,-46.8570076,27703.14299
2023/5/7 22:35,0,0,27750
2023/5/7 22:40,0,0,27750
2023/5/7 22:45,0,0,27750
2023/5/7 22:50,-7.034060067,-242.6750723,27507.32493
2023/5/7 22:55,-19.65304313,-678.0299881,27071.97001
2023/5/7 23:00,-5.356538731,-184.8005862,27565.19941
2023/5/7 23:05,-0.531863864,-18.34930331,27731.6507
2023/5/7 23:10,-122.1631184,-4214.627585,23535.37242
2023/5/7 23:15,0,0,27750
2023/5/7 23:20,0,0,27750
2023/5/7 23:25,101.356038,3496.783311,31246.78331
2023/5/7 23:30,0,0,27750
2023/5/7 23:35,22.564218,778.465521,28528.46552
2023/5/7 23:40,-50.65048893,-1747.441868,26002.55813
2023/5/7 23:45,-24.1026484,-831.5413698,26918.45863
2023/5/7 23:50,-106.9501898,-3689.78155,24060.21845
2023/5/8 0:30,4.5940596,158.4950562,27908.49506
2023/5/8 0:35,0,0,27750
2023/5/8 0:40,10.6346286,366.8946867,28116.89469
2023/5/8 0:45,-11.29618118,-389.7182508,27360.28175
2023/5/8 0:50,0,0,27750
2023/5/8 0:55,-11.0712905,-381.9595222,27368.04048
2023/5/8 1:00,5.9894006,206.6343207,27956.63432
2023/5/8 1:05,-12.6392354,-436.0536213,27313.94638
2023/5/8 1:10,-8.955228,-308.955366,27441.04463
2023/5/8 1:15,29.76516686,1026.898257,28776.89826
2023/5/8 1:20,16.9169704,583.6354788,28333.63548
2023/5/8 1:25,-27.5993888,-952.1789136,26797.82109
2023/5/8 1:30,-9.5582254,-329.7587763,27420.24122
2023/5/8 1:35,0,0,27750
2023/5/8 1:40,-304.8774454,-10518.27187,17231.72813
2023/5/8 1:45,-32.573536,-1123.786992,26626.21301
2023/5/8 1:50,-69.9612844,-2413.664312,25336.33569
2023/5/8 1:55,9.7429336,336.1312092,28086.13121
2023/5/8 2:00,7.4840752,258.2005944,28008.20059
2023/5/8 2:05,32.0738466,1106.547708,28856.54771
2023/5/8 2:10,-35.277278,-1217.066091,26532.93391
2023/5/8 2:15,44.5997062,1538.689864,29288.68986
2023/5/8 2:20,0,0,27750
2023/5/8 2:25,0,0,27750
2023/5/8 2:30,0,0,27750
2023/5/8 2:35,-44.91762127,-1549.657934,26200.34207
2023/5/8 2:40,0,0,27750
2023/5/8 2:45,49.99492,1724.82474,29474.82474
2023/5/8 2:50,-0.08353017,-2.881790865,27747.11821
2023/5/8 2:55,43.3225448,1494.627796,29244.6278
2023/5/8 3:00,-3.961196,-136.661262,27613.33874
2023/5/8 3:05,0,0,27750
2023/5/8 3:10,-3.04199,-104.948655,27645.05135
2023/5/8 3:15,-37.07019516,-1278.921733,26471.07827
2023/5/8 3:20,7.7369722,266.9255409,28016.92554
2023/5/8 3:25,-21.3037154,-734.9781813,27015.02182
2023/5/8 3:30,16.094256,555.251832,28305.25183
2023/5/8 3:35,41.71294478,1439.096595,29189.09659
2023/5/8 3:40,-33.700917,-1162.681637,26587.31836
2023/5/8 3:45,-60.2152752,-2077.426994,25672.57301
2023/5/8 3:50,0,0,27750
2023/5/8 3:55,0,0,27750
2023/5/8 4:00,-28.92344036,-997.8586924,26752.14131
2023/5/8 4:05,21.78914248,751.7254156,28501.72542
2023/5/8 4:10,11.1617628,385.0808166,28135.08082
2023/5/8 4:15,208.2040602,7183.040077,34933.04008
2023/5/8 4:20,-18.81845888,-649.2368314,27100.76317
2023/5/8 4:25,-8.53631,-294.502695,27455.49731
2023/5/8 4:30,-46.9072058,-1618.2986,26131.7014
2023/5/8 4:35,0,0,27750
2023/5/8 4:40,80.5561966,2779.188783,30529.18878
2023/5/8 4:45,61.95561622,2137.46876,29887.46876
2023/5/8 4:50,84.2605228,2906.988037,30656.98804
2023/5/8 4:55,-15.13102,-522.02019,27227.97981
2023/5/8 5:00,35.3267116,1218.77155,28968.77155
2023/5/8 5:05,23.6005972,814.2206034,28564.2206
2023/5/8 5:10,-73.6722206,-2541.691611,25208.30839
2023/5/8 5:15,0,0,27750
2023/5/8 5:20,98.7981792,3408.537182,31158.53718
2023/5/8 5:25,-46.4126208,-1601.235418,26148.76458
2023/5/8 5:30,-30.1666011,-1040.747738,26709.25226
2023/5/8 5:35,22.9074314,790.3063833,28540.30638
2023/5/8 5:40,-13.6004516,-469.2155802,27280.78442
2023/5/8 5:45,0,0,27750
2023/5/8 5:50,0,0,27750
2023/5/8 5:55,-46.4858236,-1603.760914,26146.23909
2023/5/8 6:00,0,0,27750
2023/5/8 6:05,-7.805183,-269.2788135,27480.72119
2023/5/8 6:10,0,0,27750
2023/5/8 6:15,0,0,27750
2023/5/8 6:20,12.4539334,429.6607023,28179.6607
2023/5/8 6:25,0,0,27750
2023/5/8 6:30,-15.6630964,-540.3768258,27209.62317
2023/5/8 6:35,0,0,27750
2023/5/8 6:40,126.7449628,4372.701218,32122.70122
2023/5/8 6:45,3.0229994,104.2934793,27854.29348
2023/5/8 6:50,0,0,27750
2023/5/8 6:55,37.1140588,1280.435029,29030.43503
2023/5/8 7:00,23.2738328,802.9472316,28552.94723
2023/5/8 7:05,-56.417519,-1946.404406,25803.59559
2023/5/8 7:10,0.9658124,33.3205278,27783.32053
2023/5/8 7:15,-8.7531814,-301.9847583,27448.01524
2023/5/8 7:20,1.7192776,59.3150772,27809.31508
2023/5/8 7:25,15.19956,524.38482,28274.38482
2023/5/8 7:30,-17.1162566,-590.5108527,27159.48915
2023/5/8 7:35,-13.8671106,-478.4153157,27271.58468
2023/5/8 7:40,-4.2329554,-146.0369613,27603.96304
2023/5/8 7:45,-219.0633834,-7557.686727,20192.31327
2023/5/8 7:50,38.99727,1345.405815,29095.40582
2023/5/8 7:55,0,0,27750
2023/5/8 8:00,0,0,27750
2023/5/8 8:05,0,0,27750
2023/5/8 8:10,-5.001592,-172.554924,27577.44508
2023/5/8 8:15,-126.2919556,-4357.072468,23392.92753
2023/5/8 8:20,-9.079292,-313.235574,27436.76443
2023/5/8 8:25,0,0,27750
2023/5/8 8:30,-60.6854057,-2093.646497,25656.3535
2023/5/8 8:35,0,0,27750
2023/5/8 8:40,224.0699121,7730.411969,35480.41197
2023/5/8 8:45,-572.4535501,-19749.64748,8000.352522
2023/5/8 8:50,0,0,27750
2023/5/8 8:55,97.8402072,3375.487148,31125.48715
2023/5/8 9:00,-227.3854298,-7844.79733,19905.20267
2023/5/8 9:05,-90.73269347,-3130.277925,24619.72208
2023/5/8 9:10,465.3327236,16053.97896,43803.97896
2023/5/8 9:15,-155.3204689,-5358.556176,22391.44382
2023/5/8 9:20,209.2636447,7219.595742,34969.59574
2023/5/8 9:25,0,0,27750
2023/5/8 9:30,0,0,27750
2023/5/8 9:35,-65.85701013,-2272.06685,25477.93315
2023/5/8 9:40,61.11241313,2108.378253,29858.37825
2023/5/8 9:45,230.9809784,7968.843756,35718.84376
2023/5/8 9:50,-155.9949491,-5381.825743,22368.17426
2023/5/8 9:55,-150.7846847,-5202.071621,22547.92838
2023/5/8 10:00,-73.03425733,-2519.681878,25230.31812
2023/5/8 10:05,264.22426,9115.736972,36865.73697
2023/5/8 10:10,-155.7685512,-5374.015016,22375.98498
2023/5/8 10:15,147.5694002,5091.144308,32841.14431
2023/5/8 10:20,28.10771996,969.7163388,28719.71634
2023/5/8 10:25,19.60740697,676.4555404,28426.45554
2023/5/8 10:30,-62.97752911,-2172.724754,25577.27525
2023/5/8 10:35,15.81972104,545.780376,28295.78038
2023/5/8 10:40,0,0,27750
2023/5/8 10:45,47.3148004,1632.360614,29382.36061
2023/5/8 10:50,0,0,27750
2023/5/8 10:55,0,0,27750
2023/5/8 11:00,34.05523914,1174.90575,28924.90575
2023/5/8 11:05,-42.48324842,-1465.672071,26284.32793
2023/5/8 11:10,63.93752787,2205.844711,29955.84471
2023/5/8 11:15,-76.901717,-2653.109237,25096.89076
2023/5/8 11:20,-24.83525508,-856.8163003,26893.1837
2023/5/8 11:25,101.1938554,3491.188011,31241.18801
2023/5/8 11:30,-62.46164293,-2154.926681,25595.07332
2023/5/8 11:35,0,0,27750
2023/5/8 11:40,55.8570696,1927.068901,29677.0689
2023/5/8 11:45,0,0,27750
2023/5/8 11:50,58.16239159,2006.60251,29756.60251
2023/5/8 11:55,-14.2010888,-489.9375636,27260.06244
2023/5/8 12:00,-41.4274312,-1429.246376,26320.75362
2023/5/8 12:05,-12.91918959,-445.7120407,27304.28796
2023/5/8 12:10,0,0,27750
2023/5/8 12:15,1.498171867,51.6869294,27801.68693
2023/5/8 12:20,0,0,27750
2023/5/8 12:25,0,0,27750
2023/5/8 12:30,17.49625114,603.6206642,28353.62066
2023/5/8 12:35,-42.15521714,-1454.354991,26295.64501
2023/5/8 12:40,0,0,27750
2023/5/8 12:45,-12.058616,-416.022252,27333.97775
2023/5/8 12:50,86.0338164,2968.166666,30718.16667
2023/5/8 12:55,-107.249341,-3700.102266,24049.89773
2023/5/8 13:00,3.773726378,130.19356,27880.19356
2023/5/8 13:05,-36.4610636,-1257.906694,26492.09331
2023/5/8 13:10,-57.41078391,-1980.672045,25769.32796
2023/5/8 13:15,-126.4423145,-4362.25985,23387.74015
2023/5/8 13:20,0,0,27750
2023/5/8 13:25,241.5430959,8333.236807,36083.23681
2023/5/8 13:30,92.81414622,3202.088045,30952.08804
2023/5/8 13:35,-24.80469258,-855.7618939,26894.23811
2023/5/8 13:40,12.00742824,414.2562744,28164.25627
2023/5/8 13:45,5.574823422,192.3314081,27942.33141
2023/5/8 13:50,-81.47115973,-2810.755011,24939.24499
2023/5/8 13:55,15.30403096,527.989068,28277.98907
2023/5/8 14:00,0,0,27750
2023/5/8 14:05,48.62033549,1677.401575,29427.40157
2023/5/8 14:10,-18.42406456,-635.6302275,27114.36977
2023/5/8 14:15,40.80158133,1407.654556,29157.65456
2023/5/8 14:20,-61.54225716,-2123.207872,25626.79213
2023/5/8 14:25,0,0,27750
2023/5/8 14:30,-59.84647316,-2064.703324,25685.29668
2023/5/8 14:35,-79.55827218,-2744.76039,25005.23961
2023/5/8 14:40,166.4713574,5743.261831,33493.26183
2023/5/8 14:45,-23.28729293,-803.4116062,26946.58839
2023/5/8 14:50,0,0,27750
2023/5/8 14:55,6.471084467,223.2524141,27973.25241
2023/5/8 15:00,-65.27763433,-2252.078385,25497.92162
2023/5/8 15:05,0,0,27750
2023/5/8 15:10,0,0,27750
2023/5/8 15:15,0,0,27750
2023/5/8 15:20,80.51855243,2777.890059,30527.89006
2023/5/8 15:25,2.195763822,75.75385187,27825.75385
2023/5/8 15:30,19.00329122,655.6135472,28405.61355
2023/5/8 15:35,0,0,27750
2023/5/8 15:40,-1.532122578,-52.85822893,27697.14177
2023/5/8 15:45,16.72215793,576.9144487,28326.91445
2023/5/8 15:50,-0.333310492,-11.49921198,27738.50079
2023/5/8 15:55,-4.175664311,-144.0604187,27605.93958
2023/5/8 16:00,44.32815139,1529.321223,29279.32122
2023/5/8 16:05,-32.35700198,-1116.316568,26633.68343
2023/5/8 16:10,49.5419852,1709.198489,29459.19849
2023/5/8 16:15,0,0,27750
2023/5/8 16:20,-23.02541609,-794.3768551,26955.62314
2023/5/8 16:25,-48.90129644,-1687.094727,26062.90527
2023/5/8 16:30,0.814608778,28.10400283,27778.104
2023/5/8 16:35,0,0,27750
2023/5/8 16:40,-62.37023653,-2151.77316,25598.22684
2023/5/8 16:45,30.81303542,1063.049722,28813.04972
2023/5/8 16:50,21.19083119,731.083676,28481.08368
2023/5/8 16:55,61.79572591,2131.952544,29881.95254
2023/5/8 17:00,37.00856327,1276.795433,29026.79543
2023/5/8 17:05,0,0,27750
2023/5/8 17:10,-37.02026007,-1277.198972,26472.80103
2023/5/8 17:15,0,0,27750
2023/5/8 17:20,0,0,27750
2023/5/8 17:25,-14.30397278,-493.4870608,27256.51294
2023/5/8 17:30,-20.95223508,-722.8521102,27027.14789
2023/5/8 17:35,-16.46224149,-567.9473314,27182.05267
2023/5/8 17:40,0,0,27750
2023/5/8 17:45,59.98595248,2069.515361,29819.51536
2023/5/8 17:50,0,0,27750
2023/5/8 17:55,-96.71471064,-3336.657517,24413.34248
2023/5/8 18:00,-606.2021137,-20913.97292,6836.027078
2023/5/8 18:05,71.36773573,2462.186883,30212.18688
2023/5/8 18:10,11.76303673,405.8247673,28155.82477
2023/5/8 18:15,0,0,27750
2023/5/8 18:20,0,0,27750
2023/5/8 18:25,0,0,27750
2023/5/8 18:30,0,0,27750
2023/5/8 18:35,-112.274911,-3873.48443,23876.51557
2023/5/8 18:40,22.45417433,774.6690145,28524.66901
2023/5/8 18:45,0,0,27750
2023/5/8 18:50,32.46049416,1119.887048,28869.88705
2023/5/8 18:55,0,0,27750
2023/5/8 19:00,-50.22482693,-1732.756529,26017.24347
2023/5/8 19:05,78.09739847,2694.360247,30444.36025
2023/5/8 19:10,40.4841864,1396.704431,29146.70443
2023/5/8 19:15,27.02482776,932.3565576,28682.35656
2023/5/8 19:20,-90.61655689,-3126.271213,24623.72879
2023/5/8 19:25,0,0,27750
2023/5/8 19:30,-27.73359244,-956.8089393,26793.19106
2023/5/8 19:35,0,0,27750
2023/5/8 19:40,38.25366627,1319.751486,29069.75149
2023/5/8 19:45,-3.2672186,-112.7190417,27637.28096
2023/5/8 19:50,0,0,27750
2023/5/8 19:55,-127.1407092,-4386.354467,23363.64553
2023/5/8 20:00,-60.32954519,-2081.369309,25668.63069
2023/5/8 20:05,0,0,27750
2023/5/8 20:10,-2.715143556,-93.67245267,27656.32755
2023/5/8 20:15,0,0,27750
2023/5/8 20:20,0,0,27750
2023/5/8 20:25,427.3319906,14742.95368,42492.95368
2023/5/8 20:30,48.0777418,1658.682092,29408.68209
2023/5/8 20:35,68.91604689,2377.603618,30127.60362
2023/5/8 20:40,-31.31688969,-1080.432694,26669.56731
2023/5/8 20:45,52.86873956,1823.971515,29573.97151
2023/5/8 20:50,0,0,27750
2023/5/8 20:55,0,0,27750
2023/5/8 21:00,-40.560817,-1399.348186,26350.65181
2023/5/8 21:05,6.738940533,232.4934484,27982.49345
2023/5/8 21:10,0,0,27750
2023/5/8 21:15,0,0,27750
2023/5/8 21:20,50.72793962,1750.113917,29500.11392
2023/5/8 21:25,0,0,27750
2023/5/8 21:30,-45.56248169,-1571.905618,26178.09438
2023/5/8 21:35,19.86745036,685.4270373,28435.42704
2023/5/8 21:40,62.20210471,2145.972613,29895.97261
2023/5/8 21:45,3.022105422,104.2626371,27854.26264
2023/5/8 21:50,0,0,27750
2023/5/8 21:55,-160.4702794,-5536.224639,22213.77536
2023/5/8 22:00,0,0,27750
2023/5/8 22:05,0,0,27750
2023/5/8 22:10,0,0,27750
2023/5/8 22:15,66.9689122,2310.427471,30060.42747
2023/5/8 22:20,162.7378802,5614.456868,33364.45687
2023/5/8 22:25,-54.5461338,-1881.841616,25868.15838
2023/5/8 22:30,19.56636983,675.039759,28425.03976
2023/5/8 22:35,21.80921,752.417745,28502.41775
2023/5/8 22:40,28.11132964,969.8408727,28719.84087
2023/5/8 22:45,-23.6675306,-816.5298057,26933.47019
2023/5/8 22:50,0,0,27750
2023/5/8 22:55,36.8305504,1270.653989,29020.65399
2023/5/8 23:00,-33.74391587,-1164.165097,26585.8349
2023/5/8 23:05,15.3047097,528.0124846,28278.01248
2023/5/8 23:10,0,0,27750
2023/5/8 23:15,-34.93043482,-1205.100001,26544.9
2023/5/8 23:20,27.25216871,940.1998205,28690.19982
2023/5/8 23:25,-3.3454058,-115.4165001,27634.5835
2023/5/8 23:30,-8.3927042,-289.5482949,27460.45171
2023/5/8 23:35,0,0,27750
2023/5/8 23:40,25.45979569,878.3629513,28628.36295
2023/5/8 23:45,5.241827978,180.8430652,27930.84307
2023/5/8 23:50,11.4146776,393.8063772,28143.80638
,,,
